Workbook

Sheet HOW TO USE
A1: PBMM Evidence Master Tracker — User Guide
A2: Purpose | B2: Single source of truth tracking EN and FR evidence submissions across all 21 technology workbooks. One row per control per technology. Two status columns — Status (EN) and Status (FR) — tracked independently.
A3: EN vs FR Status | B3: Status (EN) tracks the English test case submission (col B of each control tab in the workbook). Status (FR) tracks the French test case submission (col E of each control tab in the workbook). Both columns have independent dropdowns. RAG EN and RAG FR reflect each independently. Update both after completing evidence collection.
A4: How to update | B4: 1. Open the technology workbook listed in column F 2. Find the tab listed in column G 3. Fill in EN evidence (cols A-B) and FR evidence (cols D-E) 4. Return here and update Status (EN) in col H and Status (FR) in col J 5. RAG columns (I and K) update automatically
A5: RAG indicator | B5: GREEN = Passed or Accepted Exception AMBER = In Progress, Evidence Provided, or Under Review RED = Not Started or Failed Each language has its own RAG column. Do not edit RAG manually.
A6: Filtering | B6: Filter by Technology (col C), Family (col D), or either Status column. A control appears once per technology it applies to. A control marked Passed (EN) but Not Started (FR) will show GREEN in col I and RED in col K.
A7: What cannot break | B7: No external links to other workbooks — status is entered here directly. Source Workbook column (F) tells you which file to open.

Sheet TRACKER
A1: PBMM / CCCS Medium — Master Evidence Tracker (EN + FR) | N1: =TODAY() -> 46171
A2: Control ID | B2: Control Name | C2: Technology | D2: Family | E2: Source Workbook | F2: Tab Name | G2: Preparer | H2: Status (EN) | I2: RAG (EN) | J2: Status (FR) | K2: RAG (FR) | L2: Owner | M2: Assessor | N2: Days Open
A3: AU-2 | B3: Auditable Events | C3: AI + Machine Learning | D3: AU | E3: AI_and_Machine_Learning.xlsx | F3: AU-2 | H3: Not Started | I3: =IF(OR(H3="Passed",H3="Accepted Exception"),"GREEN",IF(OR(H3="Not Started",H3="Failed"),"RED","AMBER")) -> RED | J3: Non commencé | K3: =IF(OR(J3="Réussi",J3="Exception acceptée"),"GREEN",IF(OR(J3="Non commencé",J3="Échec"),"RED","AMBER")) -> RED | N3: =IF(G3<>"",TODAY()-G3,"")
A4: AU-3 | B4: Content of Audit Records | C4: AI + Machine Learning | D4: AU | E4: AI_and_Machine_Learning.xlsx | F4: AU-3 | H4: Not Started | I4: =IF(OR(H4="Passed",H4="Accepted Exception"),"GREEN",IF(OR(H4="Not Started",H4="Failed"),"RED","AMBER")) -> RED | J4: Non commencé | K4: =IF(OR(J4="Réussi",J4="Exception acceptée"),"GREEN",IF(OR(J4="Non commencé",J4="Échec"),"RED","AMBER")) -> RED | N4: =IF(G4<>"",TODAY()-G4,"")
A5: AU-3(1) | B5: Content of Audit Records | C5: AI + Machine Learning | D5: AU | E5: AI_and_Machine_Learning.xlsx | F5: AU-3-1 | H5: Not Started | I5: =IF(OR(H5="Passed",H5="Accepted Exception"),"GREEN",IF(OR(H5="Not Started",H5="Failed"),"RED","AMBER")) -> RED | J5: Non commencé | K5: =IF(OR(J5="Réussi",J5="Exception acceptée"),"GREEN",IF(OR(J5="Non commencé",J5="Échec"),"RED","AMBER")) -> RED | N5: =IF(G5<>"",TODAY()-G5,"")
A6: AU-9(2) | B6: Protection of Audit Information | C6: AI + Machine Learning | D6: AU | E6: AI_and_Machine_Learning.xlsx | F6: AU-9-2 | H6: Not Started | I6: =IF(OR(H6="Passed",H6="Accepted Exception"),"GREEN",IF(OR(H6="Not Started",H6="Failed"),"RED","AMBER")) -> RED | J6: Non commencé | K6: =IF(OR(J6="Réussi",J6="Exception acceptée"),"GREEN",IF(OR(J6="Non commencé",J6="Échec"),"RED","AMBER")) -> RED | N6: =IF(G6<>"",TODAY()-G6,"")
A7: AU-12 | B7: Audit Generation | C7: AI + Machine Learning | D7: AU | E7: AI_and_Machine_Learning.xlsx | F7: AU-12 | H7: Not Started | I7: =IF(OR(H7="Passed",H7="Accepted Exception"),"GREEN",IF(OR(H7="Not Started",H7="Failed"),"RED","AMBER")) -> RED | J7: Non commencé | K7: =IF(OR(J7="Réussi",J7="Exception acceptée"),"GREEN",IF(OR(J7="Non commencé",J7="Échec"),"RED","AMBER")) -> RED | N7: =IF(G7<>"",TODAY()-G7,"")
A8: CM-6 | B8: Configuration Settings | C8: AI + Machine Learning | D8: CM | E8: AI_and_Machine_Learning.xlsx | F8: CM-6 | H8: Not Started | I8: =IF(OR(H8="Passed",H8="Accepted Exception"),"GREEN",IF(OR(H8="Not Started",H8="Failed"),"RED","AMBER")) -> RED | J8: Non commencé | K8: =IF(OR(J8="Réussi",J8="Exception acceptée"),"GREEN",IF(OR(J8="Non commencé",J8="Échec"),"RED","AMBER")) -> RED | N8: =IF(G8<>"",TODAY()-G8,"")
A9: CM-7 | B9: Least Functionality | C9: AI + Machine Learning | D9: CM | E9: AI_and_Machine_Learning.xlsx | F9: CM-7 | H9: Not Started | I9: =IF(OR(H9="Passed",H9="Accepted Exception"),"GREEN",IF(OR(H9="Not Started",H9="Failed"),"RED","AMBER")) -> RED | J9: Non commencé | K9: =IF(OR(J9="Réussi",J9="Exception acceptée"),"GREEN",IF(OR(J9="Non commencé",J9="Échec"),"RED","AMBER")) -> RED | N9: =IF(G9<>"",TODAY()-G9,"")
A10: CM-7(1) | B10: Least Functionality | C10: AI + Machine Learning | D10: CM | E10: AI_and_Machine_Learning.xlsx | F10: CM-7-1 | H10: Not Started | I10: =IF(OR(H10="Passed",H10="Accepted Exception"),"GREEN",IF(OR(H10="Not Started",H10="Failed"),"RED","AMBER")) -> RED | J10: Non commencé | K10: =IF(OR(J10="Réussi",J10="Exception acceptée"),"GREEN",IF(OR(J10="Non commencé",J10="Échec"),"RED","AMBER")) -> RED | N10: =IF(G10<>"",TODAY()-G10,"")
A11: CP-7 | B11: Alternate Processing Site | C11: AI + Machine Learning | D11: CP | E11: AI_and_Machine_Learning.xlsx | F11: CP-7 | H11: Not Started | I11: =IF(OR(H11="Passed",H11="Accepted Exception"),"GREEN",IF(OR(H11="Not Started",H11="Failed"),"RED","AMBER")) -> RED | J11: Non commencé | K11: =IF(OR(J11="Réussi",J11="Exception acceptée"),"GREEN",IF(OR(J11="Non commencé",J11="Échec"),"RED","AMBER")) -> RED | N11: =IF(G11<>"",TODAY()-G11,"")
A12: CP-7(4) | B12: Alternate Processing Site | C12: AI + Machine Learning | D12: CP | E12: AI_and_Machine_Learning.xlsx | F12: CP-7-4 | H12: Not Started | I12: =IF(OR(H12="Passed",H12="Accepted Exception"),"GREEN",IF(OR(H12="Not Started",H12="Failed"),"RED","AMBER")) -> RED | J12: Non commencé | K12: =IF(OR(J12="Réussi",J12="Exception acceptée"),"GREEN",IF(OR(J12="Non commencé",J12="Échec"),"RED","AMBER")) -> RED | N12: =IF(G12<>"",TODAY()-G12,"")
A13: CP-10 | B13: Information System Recovery and Reconstitution | C13: AI + Machine Learning | D13: CP | E13: AI_and_Machine_Learning.xlsx | F13: CP-10 | H13: Not Started | I13: =IF(OR(H13="Passed",H13="Accepted Exception"),"GREEN",IF(OR(H13="Not Started",H13="Failed"),"RED","AMBER")) -> RED | J13: Non commencé | K13: =IF(OR(J13="Réussi",J13="Exception acceptée"),"GREEN",IF(OR(J13="Non commencé",J13="Échec"),"RED","AMBER")) -> RED | N13: =IF(G13<>"",TODAY()-G13,"")
A14: CP-10(4) | B14: Information System Recovery and Reconstitution | C14: AI + Machine Learning | D14: CP | E14: AI_and_Machine_Learning.xlsx | F14: CP-10-4 | H14: Not Started | I14: =IF(OR(H14="Passed",H14="Accepted Exception"),"GREEN",IF(OR(H14="Not Started",H14="Failed"),"RED","AMBER")) -> RED | J14: Non commencé | K14: =IF(OR(J14="Réussi",J14="Exception acceptée"),"GREEN",IF(OR(J14="Non commencé",J14="Échec"),"RED","AMBER")) -> RED | N14: =IF(G14<>"",TODAY()-G14,"")
... A749: SI-6 | B749: Security Functional Verification | C749: Web | D749: SI | E749: Web.xlsx | F749: SI-6 | H749: Not Started | I749: =IF(OR(H749="Passed",H749="Accepted Exception"),"GREEN",IF(OR(H749="Not Started",H749="Failed"),"RED","AMBER")) -> RED | J749: Non commencé | K749: =IF(OR(J749="Réussi",J749="Exception acceptée"),"GREEN",IF(OR(J749="Non commencé",J749="Échec"),"RED","AMBER")) -> RED | N749: =IF(G749<>"",TODAY()-G749,"")

Sheet SUMMARY
A1: PBMM Evidence — Progress Summary (EN + FR)
A2: Metric | B2: EN Count | C2: EN % | D2: FR Count | E2: FR %
A3: Overall Status — EN and FR
A4: Total Entries | B4: =747 -> 747 | C4: ="" | D4: =747 -> 747 | E4: =""
A5: Not Started | B5: =COUNTIF(TRACKER!H3:H749,"Not Started") -> 747 | C5: =IFERROR(COUNTIF(TRACKER!H3:H749,"Not Started")/747,0) -> 1 | D5: =COUNTIF(TRACKER!J3:J749,"Non commencé") -> 747 | E5: =IFERROR(COUNTIF(TRACKER!J3:J749,"Non commencé")/747,0) -> 1
A6: In Progress | B6: =COUNTIF(TRACKER!H3:H749,"In Progress") -> 0 | C6: =IFERROR(COUNTIF(TRACKER!H3:H749,"In Progress")/747,0) -> 0 | D6: =COUNTIF(TRACKER!J3:J749,"En cours") -> 0 | E6: =IFERROR(COUNTIF(TRACKER!J3:J749,"En cours")/747,0) -> 0
A7: Evidence Provided | B7: =COUNTIF(TRACKER!H3:H749,"Evidence Provided") -> 0 | C7: =IFERROR(COUNTIF(TRACKER!H3:H749,"Evidence Provided")/747,0) -> 0 | D7: =COUNTIF(TRACKER!J3:J749,"Preuve fournie") -> 0 | E7: =IFERROR(COUNTIF(TRACKER!J3:J749,"Preuve fournie")/747,0) -> 0
A8: Under Review | B8: =COUNTIF(TRACKER!H3:H749,"Under Review") -> 0 | C8: =IFERROR(COUNTIF(TRACKER!H3:H749,"Under Review")/747,0) -> 0 | D8: =COUNTIF(TRACKER!J3:J749,"En révision") -> 0 | E8: =IFERROR(COUNTIF(TRACKER!J3:J749,"En révision")/747,0) -> 0
A9: Passed | B9: =COUNTIF(TRACKER!H3:H749,"Passed") -> 0 | C9: =IFERROR(COUNTIF(TRACKER!H3:H749,"Passed")/747,0) -> 0 | D9: =COUNTIF(TRACKER!J3:J749,"Réussi") -> 0 | E9: =IFERROR(COUNTIF(TRACKER!J3:J749,"Réussi")/747,0) -> 0
A10: Failed | B10: =COUNTIF(TRACKER!H3:H749,"Failed") -> 0 | C10: =IFERROR(COUNTIF(TRACKER!H3:H749,"Failed")/747,0) -> 0 | D10: =COUNTIF(TRACKER!J3:J749,"Échec") -> 0 | E10: =IFERROR(COUNTIF(TRACKER!J3:J749,"Échec")/747,0) -> 0
A11: Accepted Exception | B11: =COUNTIF(TRACKER!H3:H749,"Accepted Exception") -> 0 | C11: =IFERROR(COUNTIF(TRACKER!H3:H749,"Accepted Exception")/747,0) -> 0 | D11: =COUNTIF(TRACKER!J3:J749,"Exception acceptée") -> 0 | E11: =IFERROR(COUNTIF(TRACKER!J3:J749,"Exception acceptée")/747,0) -> 0
A13: By Technology
A14: AI + Machine Learning | B14: =COUNTIF(TRACKER!C3:C749,"AI + Machine Learning") -> 15 | C14: =IFERROR(COUNTIF(TRACKER!C3:C749,"AI + Machine Learning")/747,0) -> 0.020080321 | D14: =COUNTIF(TRACKER!C3:C749,"AI + Machine Learning") -> 15 | E14: =IFERROR(COUNTIF(TRACKER!C3:C749,"AI + Machine Learning")/747,0) -> 0.020080321
A15: Analytics | B15: =COUNTIF(TRACKER!C3:C749,"Analytics") -> 28 | C15: =IFERROR(COUNTIF(TRACKER!C3:C749,"Analytics")/747,0) -> 0.037483266 | D15: =COUNTIF(TRACKER!C3:C749,"Analytics") -> 28 | E15: =IFERROR(COUNTIF(TRACKER!C3:C749,"Analytics")/747,0) -> 0.037483266
A16: Compute | B16: =COUNTIF(TRACKER!C3:C749,"Compute") -> 60 | C16: =IFERROR(COUNTIF(TRACKER!C3:C749,"Compute")/747,0) -> 0.080321285 | D16: =COUNTIF(TRACKER!C3:C749,"Compute") -> 60 | E16: =IFERROR(COUNTIF(TRACKER!C3:C749,"Compute")/747,0) -> 0.080321285
A17: Containers | B17: =COUNTIF(TRACKER!C3:C749,"Containers") -> 46 | C17: =IFERROR(COUNTIF(TRACKER!C3:C749,"Containers")/747,0) -> 0.061579652 | D17: =COUNTIF(TRACKER!C3:C749,"Containers") -> 46 | E17: =IFERROR(COUNTIF(TRACKER!C3:C749,"Containers")/747,0) -> 0.061579652
A18: Database | B18: =COUNTIF(TRACKER!C3:C749,"Database") -> 25 | C18: =IFERROR(COUNTIF(TRACKER!C3:C749,"Database")/747,0) -> 0.033467202 | D18: =COUNTIF(TRACKER!C3:C749,"Database") -> 25 | E18: =IFERROR(COUNTIF(TRACKER!C3:C749,"Database")/747,0) -> 0.033467202
A19: DevOps | B19: =COUNTIF(TRACKER!C3:C749,"DevOps") -> 47 | C19: =IFERROR(COUNTIF(TRACKER!C3:C749,"DevOps")/747,0) -> 0.06291834 | D19: =COUNTIF(TRACKER!C3:C749,"DevOps") -> 47 | E19: =IFERROR(COUNTIF(TRACKER!C3:C749,"DevOps")/747,0) -> 0.06291834
A20: Developer Tools | B20: =COUNTIF(TRACKER!C3:C749,"Developer Tools") -> 19 | C20: =IFERROR(COUNTIF(TRACKER!C3:C749,"Developer Tools")/747,0) -> 0.025435074 | D20: =COUNTIF(TRACKER!C3:C749,"Developer Tools") -> 19 | E20: =IFERROR(COUNTIF(TRACKER!C3:C749,"Developer Tools")/747,0) -> 0.025435074
A21: Hybrid + Multicloud | B21: =COUNTIF(TRACKER!C3:C749,"Hybrid + Multicloud") -> 70 | C21: =IFERROR(COUNTIF(TRACKER!C3:C749,"Hybrid + Multicloud")/747,0) -> 0.093708166 | D21: =COUNTIF(TRACKER!C3:C749,"Hybrid + Multicloud") -> 70 | E21: =IFERROR(COUNTIF(TRACKER!C3:C749,"Hybrid + Multicloud")/747,0) -> 0.093708166
A22: Identity | B22: =COUNTIF(TRACKER!C3:C749,"Identity") -> 55 | C22: =IFERROR(COUNTIF(TRACKER!C3:C749,"Identity")/747,0) -> 0.073627845 | D22: =COUNTIF(TRACKER!C3:C749,"Identity") -> 55 | E22: =IFERROR(COUNTIF(TRACKER!C3:C749,"Identity")/747,0) -> 0.073627845
A23: Internet of Things | B23: =COUNTIF(TRACKER!C3:C749,"Internet of Things") -> 21 | C23: =IFERROR(COUNTIF(TRACKER!C3:C749,"Internet of Things")/747,0) -> 0.02811245 | D23: =COUNTIF(TRACKER!C3:C749,"Internet of Things") -> 21 | E23: =IFERROR(COUNTIF(TRACKER!C3:C749,"Internet of Things")/747,0) -> 0.02811245
A24: Management and Governance | B24: =COUNTIF(TRACKER!C3:C749,"Management and Governance") -> 74 | C24: =IFERROR(COUNTIF(TRACKER!C3:C749,"Management and Governance")/747,0) -> 0.099062918 | D24: =COUNTIF(TRACKER!C3:C749,"Management and Governance") -> 74 | E24: =IFERROR(COUNTIF(TRACKER!C3:C749,"Management and Governance")/747,0) -> 0.099062918
A25: Mobile | B25: =COUNTIF(TRACKER!C3:C749,"Mobile") -> 25 | C25: =IFERROR(COUNTIF(TRACKER!C3:C749,"Mobile")/747,0) -> 0.033467202 | D25: =COUNTIF(TRACKER!C3:C749,"Mobile") -> 25 | E25: =IFERROR(COUNTIF(TRACKER!C3:C749,"Mobile")/747,0) -> 0.033467202
A26: Networking | B26: =COUNTIF(TRACKER!C3:C749,"Networking") -> 59 | C26: =IFERROR(COUNTIF(TRACKER!C3:C749,"Networking")/747,0) -> 0.078982597 | D26: =COUNTIF(TRACKER!C3:C749,"Networking") -> 59 | E26: =IFERROR(COUNTIF(TRACKER!C3:C749,"Networking")/747,0) -> 0.078982597
A27: Security | B27: =COUNTIF(TRACKER!C3:C749,"Security") -> 92 | C27: =IFERROR(COUNTIF(TRACKER!C3:C749,"Security")/747,0) -> 0.1231593 | D27: =COUNTIF(TRACKER!C3:C749,"Security") -> 92 | E27: =IFERROR(COUNTIF(TRACKER!C3:C749,"Security")/747,0) -> 0.1231593
A28: Storage | B28: =COUNTIF(TRACKER!C3:C749,"Storage") -> 27 | C28: =IFERROR(COUNTIF(TRACKER!C3:C749,"Storage")/747,0) -> 0.036144578 | D28: =COUNTIF(TRACKER!C3:C749,"Storage") -> 27 | E28: =IFERROR(COUNTIF(TRACKER!C3:C749,"Storage")/747,0) -> 0.036144578
A29: Virtual Desktop Infrastructure | B29: =COUNTIF(TRACKER!C3:C749,"Virtual Desktop Infrastructure") -> 59 | C29: =IFERROR(COUNTIF(TRACKER!C3:C749,"Virtual Desktop Infrastructure")/747,0) -> 0.078982597 | D29: =COUNTIF(TRACKER!C3:C749,"Virtual Desktop Infrastructure") -> 59 | E29: =IFERROR(COUNTIF(TRACKER!C3:C749,"Virtual Desktop Infrastructure")/747,0) -> 0.078982597
A30: Web | B30: =COUNTIF(TRACKER!C3:C749,"Web") -> 25 | C30: =IFERROR(COUNTIF(TRACKER!C3:C749,"Web")/747,0) -> 0.033467202 | D30: =COUNTIF(TRACKER!C3:C749,"Web") -> 25 | E30: =IFERROR(COUNTIF(TRACKER!C3:C749,"Web")/747,0) -> 0.033467202
