Workbook

Sheet HOW TO USE
A1: PBMM Evidence Master Tracker — User Guide
A2: How It Works | B2: Status (EN) and Status (FR) columns pull LIVE from each technology workbook. Update a status dropdown in any workbook and the tracker reflects it automatically.
A3: SharePoint Setup | B3: Upload ALL workbook files AND this tracker to the SAME SharePoint document library. Do NOT save locally first — upload directly. Open this tracker FROM SharePoint and Excel will resolve the links to co-located workbooks automatically.
A4: If Links Show #REF! | B4: 1. Open in Excel Desktop (not Excel Online) 2. Data tab > Edit Links 3. Change Source for any broken link 4. Navigate to the SharePoint library 5. Select the correct workbook 6. Click Update Values
A5: Workbooks Tracked | B5: Analytics.xlsx, Compute.xlsx, Containers.xlsx, Database.xlsx, DevOps.xlsx, Developer_Tools.xlsx, Documentation.xlsx, Hybrid_and_Multicloud.xlsx, Identity.xlsx, Management_and_Governance.xlsx, Microsoft_Descoped.xlsx, Networking.xlsx, Palo_Alto_Firewalls.xlsx, Panorama.xlsx, Security.xlsx, ServiceNow.xlsx, Storage.xlsx, Tenable_Nessus.xlsx, Tenable_Security_Centre_Plus.xlsx, Virtual_Desktop_Infrastructure.xlsx, Web.xlsx

Sheet TRACKER
A1: PBMM / CCCS Medium — Master Evidence Tracker (LIVE) — 21 Workbooks | M1: =TODAY()
A2: Control ID | B2: Control Name | C2: Technology | D2: Family | E2: Source Workbook | F2: Tab | G2: Status (EN) | H2: RAG (EN) | I2: Status (FR) | J2: RAG (FR) | K2: Preparer | L2: Owner | M2: Updated
A3: AU-2 | B3: Auditable Events | C3: Analytics | D3: AU | E3: Analytics | F3: AU-2 | G3: =IFERROR('[Analytics.xlsx]AU-2'!B20,"Not Started") | H3: =IF(OR(G3="Passed",G3="Accepted Exception"),"GREEN",IF(OR(G3="Not Started",G3="Failed"),"RED","AMBER")) | I3: =IFERROR('[Analytics.xlsx]AU-2'!E20,"Non commencé") | J3: =IF(OR(I3="Réussi",I3="Exception acceptée"),"GREEN",IF(OR(I3="Non commencé",I3="Échec"),"RED","AMBER"))
A4: AU-3 | B4: Content of Audit Records | C4: Analytics | D4: AU | E4: Analytics | F4: AU-3 | G4: =IFERROR('[Analytics.xlsx]AU-3'!B20,"Not Started") | H4: =IF(OR(G4="Passed",G4="Accepted Exception"),"GREEN",IF(OR(G4="Not Started",G4="Failed"),"RED","AMBER")) | I4: =IFERROR('[Analytics.xlsx]AU-3'!E20,"Non commencé") | J4: =IF(OR(I4="Réussi",I4="Exception acceptée"),"GREEN",IF(OR(I4="Non commencé",I4="Échec"),"RED","AMBER"))
A5: AU-3(1) | B5: Content of Audit Records | C5: Analytics | D5: AU | E5: Analytics | F5: AU-3-1 | G5: =IFERROR('[Analytics.xlsx]AU-3-1'!B20,"Not Started") | H5: =IF(OR(G5="Passed",G5="Accepted Exception"),"GREEN",IF(OR(G5="Not Started",G5="Failed"),"RED","AMBER")) | I5: =IFERROR('[Analytics.xlsx]AU-3-1'!E20,"Non commencé") | J5: =IF(OR(I5="Réussi",I5="Exception acceptée"),"GREEN",IF(OR(I5="Non commencé",I5="Échec"),"RED","AMBER"))
A6: AU-5 | B6: Response To Audit Processing Failures | C6: Analytics | D6: AU | E6: Analytics | F6: AU-5 | G6: =IFERROR('[Analytics.xlsx]AU-5'!B20,"Not Started") | H6: =IF(OR(G6="Passed",G6="Accepted Exception"),"GREEN",IF(OR(G6="Not Started",G6="Failed"),"RED","AMBER")) | I6: =IFERROR('[Analytics.xlsx]AU-5'!E20,"Non commencé") | J6: =IF(OR(I6="Réussi",I6="Exception acceptée"),"GREEN",IF(OR(I6="Non commencé",I6="Échec"),"RED","AMBER"))
A7: AU-9(2) | B7: Protection of Audit Information | C7: Analytics | D7: AU | E7: Analytics | F7: AU-9-2 | G7: =IFERROR('[Analytics.xlsx]AU-9-2'!B20,"Not Started") | H7: =IF(OR(G7="Passed",G7="Accepted Exception"),"GREEN",IF(OR(G7="Not Started",G7="Failed"),"RED","AMBER")) | I7: =IFERROR('[Analytics.xlsx]AU-9-2'!E20,"Non commencé") | J7: =IF(OR(I7="Réussi",I7="Exception acceptée"),"GREEN",IF(OR(I7="Non commencé",I7="Échec"),"RED","AMBER"))
A8: AU-12 | B8: Audit Generation | C8: Analytics | D8: AU | E8: Analytics | F8: AU-12 | G8: =IFERROR('[Analytics.xlsx]AU-12'!B20,"Not Started") | H8: =IF(OR(G8="Passed",G8="Accepted Exception"),"GREEN",IF(OR(G8="Not Started",G8="Failed"),"RED","AMBER")) | I8: =IFERROR('[Analytics.xlsx]AU-12'!E20,"Non commencé") | J8: =IF(OR(I8="Réussi",I8="Exception acceptée"),"GREEN",IF(OR(I8="Non commencé",I8="Échec"),"RED","AMBER"))
A9: CM-2(3) | B9: Baseline Configuration | C9: Analytics | D9: CM | E9: Analytics | F9: CM-2-3 | G9: =IFERROR('[Analytics.xlsx]CM-2-3'!B20,"Not Started") | H9: =IF(OR(G9="Passed",G9="Accepted Exception"),"GREEN",IF(OR(G9="Not Started",G9="Failed"),"RED","AMBER")) | I9: =IFERROR('[Analytics.xlsx]CM-2-3'!E20,"Non commencé") | J9: =IF(OR(I9="Réussi",I9="Exception acceptée"),"GREEN",IF(OR(I9="Non commencé",I9="Échec"),"RED","AMBER"))
A10: CM-5(1) | B10: Access Restrictions for Change | C10: Analytics | D10: CM | E10: Analytics | F10: CM-5-1 | G10: =IFERROR('[Analytics.xlsx]CM-5-1'!B20,"Not Started") | H10: =IF(OR(G10="Passed",G10="Accepted Exception"),"GREEN",IF(OR(G10="Not Started",G10="Failed"),"RED","AMBER")) | I10: =IFERROR('[Analytics.xlsx]CM-5-1'!E20,"Non commencé") | J10: =IF(OR(I10="Réussi",I10="Exception acceptée"),"GREEN",IF(OR(I10="Non commencé",I10="Échec"),"RED","AMBER"))
A11: CM-6 | B11: Configuration Settings | C11: Analytics | D11: CM | E11: Analytics | F11: CM-6 | G11: =IFERROR('[Analytics.xlsx]CM-6'!B20,"Not Started") | H11: =IF(OR(G11="Passed",G11="Accepted Exception"),"GREEN",IF(OR(G11="Not Started",G11="Failed"),"RED","AMBER")) | I11: =IFERROR('[Analytics.xlsx]CM-6'!E20,"Non commencé") | J11: =IF(OR(I11="Réussi",I11="Exception acceptée"),"GREEN",IF(OR(I11="Non commencé",I11="Échec"),"RED","AMBER"))
A12: CM-7 | B12: Least Functionality | C12: Analytics | D12: CM | E12: Analytics | F12: CM-7 | G12: =IFERROR('[Analytics.xlsx]CM-7'!B20,"Not Started") | H12: =IF(OR(G12="Passed",G12="Accepted Exception"),"GREEN",IF(OR(G12="Not Started",G12="Failed"),"RED","AMBER")) | I12: =IFERROR('[Analytics.xlsx]CM-7'!E20,"Non commencé") | J12: =IF(OR(I12="Réussi",I12="Exception acceptée"),"GREEN",IF(OR(I12="Non commencé",I12="Échec"),"RED","AMBER"))
A13: CM-7(1) | B13: Least Functionality | C13: Analytics | D13: CM | E13: Analytics | F13: CM-7-1 | G13: =IFERROR('[Analytics.xlsx]CM-7-1'!B20,"Not Started") | H13: =IF(OR(G13="Passed",G13="Accepted Exception"),"GREEN",IF(OR(G13="Not Started",G13="Failed"),"RED","AMBER")) | I13: =IFERROR('[Analytics.xlsx]CM-7-1'!E20,"Non commencé") | J13: =IF(OR(I13="Réussi",I13="Exception acceptée"),"GREEN",IF(OR(I13="Non commencé",I13="Échec"),"RED","AMBER"))
A14: CP-6 | B14: Alternate Storage Site | C14: Analytics | D14: CP | E14: Analytics | F14: CP-6 | G14: =IFERROR('[Analytics.xlsx]CP-6'!B20,"Not Started") | H14: =IF(OR(G14="Passed",G14="Accepted Exception"),"GREEN",IF(OR(G14="Not Started",G14="Failed"),"RED","AMBER")) | I14: =IFERROR('[Analytics.xlsx]CP-6'!E20,"Non commencé") | J14: =IF(OR(I14="Réussi",I14="Exception acceptée"),"GREEN",IF(OR(I14="Non commencé",I14="Échec"),"RED","AMBER"))
A15: CP-6(2) | B15: Alternate Storage Site | C15: Analytics | D15: CP | E15: Analytics | F15: CP-6-2 | G15: =IFERROR('[Analytics.xlsx]CP-6-2'!B20,"Not Started") | H15: =IF(OR(G15="Passed",G15="Accepted Exception"),"GREEN",IF(OR(G15="Not Started",G15="Failed"),"RED","AMBER")) | I15: =IFERROR('[Analytics.xlsx]CP-6-2'!E20,"Non commencé") | J15: =IF(OR(I15="Réussi",I15="Exception acceptée"),"GREEN",IF(OR(I15="Non commencé",I15="Échec"),"RED","AMBER"))
A16: CP-7 | B16: Alternate Processing Site | C16: Analytics | D16: CP | E16: Analytics | F16: CP-7 | G16: =IFERROR('[Analytics.xlsx]CP-7'!B20,"Not Started") | H16: =IF(OR(G16="Passed",G16="Accepted Exception"),"GREEN",IF(OR(G16="Not Started",G16="Failed"),"RED","AMBER")) | I16: =IFERROR('[Analytics.xlsx]CP-7'!E20,"Non commencé") | J16: =IF(OR(I16="Réussi",I16="Exception acceptée"),"GREEN",IF(OR(I16="Non commencé",I16="Échec"),"RED","AMBER"))
A17: CP-7(4) | B17: Alternate Processing Site | C17: Analytics | D17: CP | E17: Analytics | F17: CP-7-4 | G17: =IFERROR('[Analytics.xlsx]CP-7-4'!B20,"Not Started") | H17: =IF(OR(G17="Passed",G17="Accepted Exception"),"GREEN",IF(OR(G17="Not Started",G17="Failed"),"RED","AMBER")) | I17: =IFERROR('[Analytics.xlsx]CP-7-4'!E20,"Non commencé") | J17: =IF(OR(I17="Réussi",I17="Exception acceptée"),"GREEN",IF(OR(I17="Non commencé",I17="Échec"),"RED","AMBER"))
A18: CP-9 | B18: Information System Backup | C18: Analytics | D18: CP | E18: Analytics | F18: CP-9 | G18: =IFERROR('[Analytics.xlsx]CP-9'!B20,"Not Started") | H18: =IF(OR(G18="Passed",G18="Accepted Exception"),"GREEN",IF(OR(G18="Not Started",G18="Failed"),"RED","AMBER")) | I18: =IFERROR('[Analytics.xlsx]CP-9'!E20,"Non commencé") | J18: =IF(OR(I18="Réussi",I18="Exception acceptée"),"GREEN",IF(OR(I18="Non commencé",I18="Échec"),"RED","AMBER"))
A19: CP-9(1) | B19: Information System Backup | C19: Analytics | D19: CP | E19: Analytics | F19: CP-9-1 | G19: =IFERROR('[Analytics.xlsx]CP-9-1'!B20,"Not Started") | H19: =IF(OR(G19="Passed",G19="Accepted Exception"),"GREEN",IF(OR(G19="Not Started",G19="Failed"),"RED","AMBER")) | I19: =IFERROR('[Analytics.xlsx]CP-9-1'!E20,"Non commencé") | J19: =IF(OR(I19="Réussi",I19="Exception acceptée"),"GREEN",IF(OR(I19="Non commencé",I19="Échec"),"RED","AMBER"))
A20: CP-9(2) | B20: Information System Backup | C20: Analytics | D20: CP | E20: Analytics | F20: CP-9-2 | G20: =IFERROR('[Analytics.xlsx]CP-9-2'!B20,"Not Started") | H20: =IF(OR(G20="Passed",G20="Accepted Exception"),"GREEN",IF(OR(G20="Not Started",G20="Failed"),"RED","AMBER")) | I20: =IFERROR('[Analytics.xlsx]CP-9-2'!E20,"Non commencé") | J20: =IF(OR(I20="Réussi",I20="Exception acceptée"),"GREEN",IF(OR(I20="Non commencé",I20="Échec"),"RED","AMBER"))
A21: CP-9(5) | B21: Information System Backup | C21: Analytics | D21: CP | E21: Analytics | F21: CP-9-5 | G21: =IFERROR('[Analytics.xlsx]CP-9-5'!B20,"Not Started") | H21: =IF(OR(G21="Passed",G21="Accepted Exception"),"GREEN",IF(OR(G21="Not Started",G21="Failed"),"RED","AMBER")) | I21: =IFERROR('[Analytics.xlsx]CP-9-5'!E20,"Non commencé") | J21: =IF(OR(I21="Réussi",I21="Exception acceptée"),"GREEN",IF(OR(I21="Non commencé",I21="Échec"),"RED","AMBER"))
A22: CP-10 | B22: Information System Recovery and Reconstitution | C22: Analytics | D22: CP | E22: Analytics | F22: CP-10 | G22: =IFERROR('[Analytics.xlsx]CP-10'!B20,"Not Started") | H22: =IF(OR(G22="Passed",G22="Accepted Exception"),"GREEN",IF(OR(G22="Not Started",G22="Failed"),"RED","AMBER")) | I22: =IFERROR('[Analytics.xlsx]CP-10'!E20,"Non commencé") | J22: =IF(OR(I22="Réussi",I22="Exception acceptée"),"GREEN",IF(OR(I22="Non commencé",I22="Échec"),"RED","AMBER"))
A23: CP-10(4) | B23: Information System Recovery and Reconstitution | C23: Analytics | D23: CP | E23: Analytics | F23: CP-10-4 | G23: =IFERROR('[Analytics.xlsx]CP-10-4'!B20,"Not Started") | H23: =IF(OR(G23="Passed",G23="Accepted Exception"),"GREEN",IF(OR(G23="Not Started",G23="Failed"),"RED","AMBER")) | I23: =IFERROR('[Analytics.xlsx]CP-10-4'!E20,"Non commencé") | J23: =IF(OR(I23="Réussi",I23="Exception acceptée"),"GREEN",IF(OR(I23="Non commencé",I23="Échec"),"RED","AMBER"))
A24: SA-9(5) | B24: External Information System Services | C24: Analytics | D24: SA | E24: Analytics | F24: SA-9-5 | G24: =IFERROR('[Analytics.xlsx]SA-9-5'!B20,"Not Started") | H24: =IF(OR(G24="Passed",G24="Accepted Exception"),"GREEN",IF(OR(G24="Not Started",G24="Failed"),"RED","AMBER")) | I24: =IFERROR('[Analytics.xlsx]SA-9-5'!E20,"Non commencé") | J24: =IF(OR(I24="Réussi",I24="Exception acceptée"),"GREEN",IF(OR(I24="Non commencé",I24="Échec"),"RED","AMBER"))
A25: SC-4 | B25: Information in Shared Resources | C25: Analytics | D25: SC | E25: Analytics | F25: SC-4 | G25: =IFERROR('[Analytics.xlsx]SC-4'!B20,"Not Started") | H25: =IF(OR(G25="Passed",G25="Accepted Exception"),"GREEN",IF(OR(G25="Not Started",G25="Failed"),"RED","AMBER")) | I25: =IFERROR('[Analytics.xlsx]SC-4'!E20,"Non commencé") | J25: =IF(OR(I25="Réussi",I25="Exception acceptée"),"GREEN",IF(OR(I25="Non commencé",I25="Échec"),"RED","AMBER"))
A26: SC-13 | B26: Cryptographic Protection | C26: Analytics | D26: SC | E26: Analytics | F26: SC-13 | G26: =IFERROR('[Analytics.xlsx]SC-13'!B20,"Not Started") | H26: =IF(OR(G26="Passed",G26="Accepted Exception"),"GREEN",IF(OR(G26="Not Started",G26="Failed"),"RED","AMBER")) | I26: =IFERROR('[Analytics.xlsx]SC-13'!E20,"Non commencé") | J26: =IF(OR(I26="Réussi",I26="Exception acceptée"),"GREEN",IF(OR(I26="Non commencé",I26="Échec"),"RED","AMBER"))
A27: SC-28 | B27: Protection of Information At Rest | C27: Analytics | D27: SC | E27: Analytics | F27: SC-28 | G27: =IFERROR('[Analytics.xlsx]SC-28'!B20,"Not Started") | H27: =IF(OR(G27="Passed",G27="Accepted Exception"),"GREEN",IF(OR(G27="Not Started",G27="Failed"),"RED","AMBER")) | I27: =IFERROR('[Analytics.xlsx]SC-28'!E20,"Non commencé") | J27: =IF(OR(I27="Réussi",I27="Exception acceptée"),"GREEN",IF(OR(I27="Non commencé",I27="Échec"),"RED","AMBER"))
A28: SC-28(1) | B28: Protection of Information At Rest | C28: Analytics | D28: SC | E28: Analytics | F28: SC-28-1 | G28: =IFERROR('[Analytics.xlsx]SC-28-1'!B20,"Not Started") | H28: =IF(OR(G28="Passed",G28="Accepted Exception"),"GREEN",IF(OR(G28="Not Started",G28="Failed"),"RED","AMBER")) | I28: =IFERROR('[Analytics.xlsx]SC-28-1'!E20,"Non commencé") | J28: =IF(OR(I28="Réussi",I28="Exception acceptée"),"GREEN",IF(OR(I28="Non commencé",I28="Échec"),"RED","AMBER"))
A29: SI-4(2) | B29: Information System Monitoring | C29: Analytics | D29: SI | E29: Analytics | F29: SI-4-2 | G29: =IFERROR('[Analytics.xlsx]SI-4-2'!B20,"Not Started") | H29: =IF(OR(G29="Passed",G29="Accepted Exception"),"GREEN",IF(OR(G29="Not Started",G29="Failed"),"RED","AMBER")) | I29: =IFERROR('[Analytics.xlsx]SI-4-2'!E20,"Non commencé") | J29: =IF(OR(I29="Réussi",I29="Exception acceptée"),"GREEN",IF(OR(I29="Non commencé",I29="Échec"),"RED","AMBER"))
A30: SI-6 | B30: Security Functional Verification | C30: Analytics | D30: SI | E30: Analytics | F30: SI-6 | G30: =IFERROR('[Analytics.xlsx]SI-6'!B20,"Not Started") | H30: =IF(OR(G30="Passed",G30="Accepted Exception"),"GREEN",IF(OR(G30="Not Started",G30="Failed"),"RED","AMBER")) | I30: =IFERROR('[Analytics.xlsx]SI-6'!E20,"Non commencé") | J30: =IF(OR(I30="Réussi",I30="Exception acceptée"),"GREEN",IF(OR(I30="Non commencé",I30="Échec"),"RED","AMBER"))
A31: AC-6 | B31: Least Privilege | C31: Compute | D31: AC | E31: Compute | F31: AC-6 | G31: =IFERROR('[Compute.xlsx]AC-6'!B20,"Not Started") | H31: =IF(OR(G31="Passed",G31="Accepted Exception"),"GREEN",IF(OR(G31="Not Started",G31="Failed"),"RED","AMBER")) | I31: =IFERROR('[Compute.xlsx]AC-6'!E20,"Non commencé") | J31: =IF(OR(I31="Réussi",I31="Exception acceptée"),"GREEN",IF(OR(I31="Non commencé",I31="Échec"),"RED","AMBER"))
A32: AC-6(1) | B32: Least Privilege | C32: Compute | D32: AC | E32: Compute | F32: AC-6-1 | G32: =IFERROR('[Compute.xlsx]AC-6-1'!B20,"Not Started") | H32: =IF(OR(G32="Passed",G32="Accepted Exception"),"GREEN",IF(OR(G32="Not Started",G32="Failed"),"RED","AMBER")) | I32: =IFERROR('[Compute.xlsx]AC-6-1'!E20,"Non commencé") | J32: =IF(OR(I32="Réussi",I32="Exception acceptée"),"GREEN",IF(OR(I32="Non commencé",I32="Échec"),"RED","AMBER"))
A33: AC-7 | B33: Unsuccessful Login Attempts | C33: Compute | D33: AC | E33: Compute | F33: AC-7 | G33: =IFERROR('[Compute.xlsx]AC-7'!B20,"Not Started") | H33: =IF(OR(G33="Passed",G33="Accepted Exception"),"GREEN",IF(OR(G33="Not Started",G33="Failed"),"RED","AMBER")) | I33: =IFERROR('[Compute.xlsx]AC-7'!E20,"Non commencé") | J33: =IF(OR(I33="Réussi",I33="Exception acceptée"),"GREEN",IF(OR(I33="Non commencé",I33="Échec"),"RED","AMBER"))
A34: AC-8 | B34: System Use Notification | C34: Compute | D34: AC | E34: Compute | F34: AC-8 | G34: =IFERROR('[Compute.xlsx]AC-8'!B20,"Not Started") | H34: =IF(OR(G34="Passed",G34="Accepted Exception"),"GREEN",IF(OR(G34="Not Started",G34="Failed"),"RED","AMBER")) | I34: =IFERROR('[Compute.xlsx]AC-8'!E20,"Non commencé") | J34: =IF(OR(I34="Réussi",I34="Exception acceptée"),"GREEN",IF(OR(I34="Non commencé",I34="Échec"),"RED","AMBER"))
A35: AC-11 | B35: Session Lock | C35: Compute | D35: AC | E35: Compute | F35: AC-11 | G35: =IFERROR('[Compute.xlsx]AC-11'!B20,"Not Started") | H35: =IF(OR(G35="Passed",G35="Accepted Exception"),"GREEN",IF(OR(G35="Not Started",G35="Failed"),"RED","AMBER")) | I35: =IFERROR('[Compute.xlsx]AC-11'!E20,"Non commencé") | J35: =IF(OR(I35="Réussi",I35="Exception acceptée"),"GREEN",IF(OR(I35="Non commencé",I35="Échec"),"RED","AMBER"))
A36: AC-11(1) | B36: Session Lock | C36: Compute | D36: AC | E36: Compute | F36: AC-11-1 | G36: =IFERROR('[Compute.xlsx]AC-11-1'!B20,"Not Started") | H36: =IF(OR(G36="Passed",G36="Accepted Exception"),"GREEN",IF(OR(G36="Not Started",G36="Failed"),"RED","AMBER")) | I36: =IFERROR('[Compute.xlsx]AC-11-1'!E20,"Non commencé") | J36: =IF(OR(I36="Réussi",I36="Exception acceptée"),"GREEN",IF(OR(I36="Non commencé",I36="Échec"),"RED","AMBER"))
A37: AC-12 | B37: Session Termination | C37: Compute | D37: AC | E37: Compute | F37: AC-12 | G37: =IFERROR('[Compute.xlsx]AC-12'!B20,"Not Started") | H37: =IF(OR(G37="Passed",G37="Accepted Exception"),"GREEN",IF(OR(G37="Not Started",G37="Failed"),"RED","AMBER")) | I37: =IFERROR('[Compute.xlsx]AC-12'!E20,"Non commencé") | J37: =IF(OR(I37="Réussi",I37="Exception acceptée"),"GREEN",IF(OR(I37="Non commencé",I37="Échec"),"RED","AMBER"))
A38: AC-17(1) | B38: Remote Access | C38: Compute | D38: AC | E38: Compute | F38: AC-17-1 | G38: =IFERROR('[Compute.xlsx]AC-17-1'!B20,"Not Started") | H38: =IF(OR(G38="Passed",G38="Accepted Exception"),"GREEN",IF(OR(G38="Not Started",G38="Failed"),"RED","AMBER")) | I38: =IFERROR('[Compute.xlsx]AC-17-1'!E20,"Non commencé") | J38: =IF(OR(I38="Réussi",I38="Exception acceptée"),"GREEN",IF(OR(I38="Non commencé",I38="Échec"),"RED","AMBER"))
A39: AC-17(2) | B39: Remote Access | C39: Compute | D39: AC | E39: Compute | F39: AC-17-2 | G39: =IFERROR('[Compute.xlsx]AC-17-2'!B20,"Not Started") | H39: =IF(OR(G39="Passed",G39="Accepted Exception"),"GREEN",IF(OR(G39="Not Started",G39="Failed"),"RED","AMBER")) | I39: =IFERROR('[Compute.xlsx]AC-17-2'!E20,"Non commencé") | J39: =IF(OR(I39="Réussi",I39="Exception acceptée"),"GREEN",IF(OR(I39="Non commencé",I39="Échec"),"RED","AMBER"))
A40: AC-17(100) | B40: Remote Access | C40: Compute | D40: AC | E40: Compute | F40: AC-17-100 | G40: =IFERROR('[Compute.xlsx]AC-17-100'!B20,"Not Started") | H40: =IF(OR(G40="Passed",G40="Accepted Exception"),"GREEN",IF(OR(G40="Not Started",G40="Failed"),"RED","AMBER")) | I40: =IFERROR('[Compute.xlsx]AC-17-100'!E20,"Non commencé") | J40: =IF(OR(I40="Réussi",I40="Exception acceptée"),"GREEN",IF(OR(I40="Non commencé",I40="Échec"),"RED","AMBER"))
A41: AU-2 | B41: Auditable Events | C41: Compute | D41: AU | E41: Compute | F41: AU-2 | G41: =IFERROR('[Compute.xlsx]AU-2'!B20,"Not Started") | H41: =IF(OR(G41="Passed",G41="Accepted Exception"),"GREEN",IF(OR(G41="Not Started",G41="Failed"),"RED","AMBER")) | I41: =IFERROR('[Compute.xlsx]AU-2'!E20,"Non commencé") | J41: =IF(OR(I41="Réussi",I41="Exception acceptée"),"GREEN",IF(OR(I41="Non commencé",I41="Échec"),"RED","AMBER"))
A42: AU-3 | B42: Content of Audit Records | C42: Compute | D42: AU | E42: Compute | F42: AU-3 | G42: =IFERROR('[Compute.xlsx]AU-3'!B20,"Not Started") | H42: =IF(OR(G42="Passed",G42="Accepted Exception"),"GREEN",IF(OR(G42="Not Started",G42="Failed"),"RED","AMBER")) | I42: =IFERROR('[Compute.xlsx]AU-3'!E20,"Non commencé") | J42: =IF(OR(I42="Réussi",I42="Exception acceptée"),"GREEN",IF(OR(I42="Non commencé",I42="Échec"),"RED","AMBER"))
A43: AU-3(1) | B43: Content of Audit Records | C43: Compute | D43: AU | E43: Compute | F43: AU-3-1 | G43: =IFERROR('[Compute.xlsx]AU-3-1'!B20,"Not Started") | H43: =IF(OR(G43="Passed",G43="Accepted Exception"),"GREEN",IF(OR(G43="Not Started",G43="Failed"),"RED","AMBER")) | I43: =IFERROR('[Compute.xlsx]AU-3-1'!E20,"Non commencé") | J43: =IF(OR(I43="Réussi",I43="Exception acceptée"),"GREEN",IF(OR(I43="Non commencé",I43="Échec"),"RED","AMBER"))
A44: AU-9(2) | B44: Protection of Audit Information | C44: Compute | D44: AU | E44: Compute | F44: AU-9-2 | G44: =IFERROR('[Compute.xlsx]AU-9-2'!B20,"Not Started") | H44: =IF(OR(G44="Passed",G44="Accepted Exception"),"GREEN",IF(OR(G44="Not Started",G44="Failed"),"RED","AMBER")) | I44: =IFERROR('[Compute.xlsx]AU-9-2'!E20,"Non commencé") | J44: =IF(OR(I44="Réussi",I44="Exception acceptée"),"GREEN",IF(OR(I44="Non commencé",I44="Échec"),"RED","AMBER"))
A45: AU-12 | B45: Audit Generation | C45: Compute | D45: AU | E45: Compute | F45: AU-12 | G45: =IFERROR('[Compute.xlsx]AU-12'!B20,"Not Started") | H45: =IF(OR(G45="Passed",G45="Accepted Exception"),"GREEN",IF(OR(G45="Not Started",G45="Failed"),"RED","AMBER")) | I45: =IFERROR('[Compute.xlsx]AU-12'!E20,"Non commencé") | J45: =IF(OR(I45="Réussi",I45="Exception acceptée"),"GREEN",IF(OR(I45="Non commencé",I45="Échec"),"RED","AMBER"))
A46: CA-3(5) | B46: Information System Connections | C46: Compute | D46: CA | E46: Compute | F46: CA-3-5 | G46: =IFERROR('[Compute.xlsx]CA-3-5'!B20,"Not Started") | H46: =IF(OR(G46="Passed",G46="Accepted Exception"),"GREEN",IF(OR(G46="Not Started",G46="Failed"),"RED","AMBER")) | I46: =IFERROR('[Compute.xlsx]CA-3-5'!E20,"Non commencé") | J46: =IF(OR(I46="Réussi",I46="Exception acceptée"),"GREEN",IF(OR(I46="Non commencé",I46="Échec"),"RED","AMBER"))
A47: CA-9 | B47: Internal System Connections | C47: Compute | D47: CA | E47: Compute | F47: CA-9 | G47: =IFERROR('[Compute.xlsx]CA-9'!B20,"Not Started") | H47: =IF(OR(G47="Passed",G47="Accepted Exception"),"GREEN",IF(OR(G47="Not Started",G47="Failed"),"RED","AMBER")) | I47: =IFERROR('[Compute.xlsx]CA-9'!E20,"Non commencé") | J47: =IF(OR(I47="Réussi",I47="Exception acceptée"),"GREEN",IF(OR(I47="Non commencé",I47="Échec"),"RED","AMBER"))
A48: CM-6 | B48: Configuration Settings | C48: Compute | D48: CM | E48: Compute | F48: CM-6 | G48: =IFERROR('[Compute.xlsx]CM-6'!B20,"Not Started") | H48: =IF(OR(G48="Passed",G48="Accepted Exception"),"GREEN",IF(OR(G48="Not Started",G48="Failed"),"RED","AMBER")) | I48: =IFERROR('[Compute.xlsx]CM-6'!E20,"Non commencé") | J48: =IF(OR(I48="Réussi",I48="Exception acceptée"),"GREEN",IF(OR(I48="Non commencé",I48="Échec"),"RED","AMBER"))
A49: CM-7 | B49: Least Functionality | C49: Compute | D49: CM | E49: Compute | F49: CM-7 | G49: =IFERROR('[Compute.xlsx]CM-7'!B20,"Not Started") | H49: =IF(OR(G49="Passed",G49="Accepted Exception"),"GREEN",IF(OR(G49="Not Started",G49="Failed"),"RED","AMBER")) | I49: =IFERROR('[Compute.xlsx]CM-7'!E20,"Non commencé") | J49: =IF(OR(I49="Réussi",I49="Exception acceptée"),"GREEN",IF(OR(I49="Non commencé",I49="Échec"),"RED","AMBER"))
A50: CM-7(1) | B50: Least Functionality | C50: Compute | D50: CM | E50: Compute | F50: CM-7-1 | G50: =IFERROR('[Compute.xlsx]CM-7-1'!B20,"Not Started") | H50: =IF(OR(G50="Passed",G50="Accepted Exception"),"GREEN",IF(OR(G50="Not Started",G50="Failed"),"RED","AMBER")) | I50: =IFERROR('[Compute.xlsx]CM-7-1'!E20,"Non commencé") | J50: =IF(OR(I50="Réussi",I50="Exception acceptée"),"GREEN",IF(OR(I50="Non commencé",I50="Échec"),"RED","AMBER"))
A51: CM-7(5) | B51: Least Functionality | C51: Compute | D51: CM | E51: Compute | F51: CM-7-5 | G51: =IFERROR('[Compute.xlsx]CM-7-5'!B20,"Not Started") | H51: =IF(OR(G51="Passed",G51="Accepted Exception"),"GREEN",IF(OR(G51="Not Started",G51="Failed"),"RED","AMBER")) | I51: =IFERROR('[Compute.xlsx]CM-7-5'!E20,"Non commencé") | J51: =IF(OR(I51="Réussi",I51="Exception acceptée"),"GREEN",IF(OR(I51="Non commencé",I51="Échec"),"RED","AMBER"))
A52: CM-11 | B52: User Installed Software | C52: Compute | D52: CM | E52: Compute | F52: CM-11 | G52: =IFERROR('[Compute.xlsx]CM-11'!B20,"Not Started") | H52: =IF(OR(G52="Passed",G52="Accepted Exception"),"GREEN",IF(OR(G52="Not Started",G52="Failed"),"RED","AMBER")) | I52: =IFERROR('[Compute.xlsx]CM-11'!E20,"Non commencé") | J52: =IF(OR(I52="Réussi",I52="Exception acceptée"),"GREEN",IF(OR(I52="Non commencé",I52="Échec"),"RED","AMBER"))
A53: CP-6 | B53: Alternate Storage Site | C53: Compute | D53: CP | E53: Compute | F53: CP-6 | G53: =IFERROR('[Compute.xlsx]CP-6'!B20,"Not Started") | H53: =IF(OR(G53="Passed",G53="Accepted Exception"),"GREEN",IF(OR(G53="Not Started",G53="Failed"),"RED","AMBER")) | I53: =IFERROR('[Compute.xlsx]CP-6'!E20,"Non commencé") | J53: =IF(OR(I53="Réussi",I53="Exception acceptée"),"GREEN",IF(OR(I53="Non commencé",I53="Échec"),"RED","AMBER"))
A54: CP-6(2) | B54: Alternate Storage Site | C54: Compute | D54: CP | E54: Compute | F54: CP-6-2 | G54: =IFERROR('[Compute.xlsx]CP-6-2'!B20,"Not Started") | H54: =IF(OR(G54="Passed",G54="Accepted Exception"),"GREEN",IF(OR(G54="Not Started",G54="Failed"),"RED","AMBER")) | I54: =IFERROR('[Compute.xlsx]CP-6-2'!E20,"Non commencé") | J54: =IF(OR(I54="Réussi",I54="Exception acceptée"),"GREEN",IF(OR(I54="Non commencé",I54="Échec"),"RED","AMBER"))
A55: CP-7 | B55: Alternate Processing Site | C55: Compute | D55: CP | E55: Compute | F55: CP-7 | G55: =IFERROR('[Compute.xlsx]CP-7'!B20,"Not Started") | H55: =IF(OR(G55="Passed",G55="Accepted Exception"),"GREEN",IF(OR(G55="Not Started",G55="Failed"),"RED","AMBER")) | I55: =IFERROR('[Compute.xlsx]CP-7'!E20,"Non commencé") | J55: =IF(OR(I55="Réussi",I55="Exception acceptée"),"GREEN",IF(OR(I55="Non commencé",I55="Échec"),"RED","AMBER"))
A56: CP-7(4) | B56: Alternate Processing Site | C56: Compute | D56: CP | E56: Compute | F56: CP-7-4 | G56: =IFERROR('[Compute.xlsx]CP-7-4'!B20,"Not Started") | H56: =IF(OR(G56="Passed",G56="Accepted Exception"),"GREEN",IF(OR(G56="Not Started",G56="Failed"),"RED","AMBER")) | I56: =IFERROR('[Compute.xlsx]CP-7-4'!E20,"Non commencé") | J56: =IF(OR(I56="Réussi",I56="Exception acceptée"),"GREEN",IF(OR(I56="Non commencé",I56="Échec"),"RED","AMBER"))
A57: CP-9 | B57: Information System Backup | C57: Compute | D57: CP | E57: Compute | F57: CP-9 | G57: =IFERROR('[Compute.xlsx]CP-9'!B20,"Not Started") | H57: =IF(OR(G57="Passed",G57="Accepted Exception"),"GREEN",IF(OR(G57="Not Started",G57="Failed"),"RED","AMBER")) | I57: =IFERROR('[Compute.xlsx]CP-9'!E20,"Non commencé") | J57: =IF(OR(I57="Réussi",I57="Exception acceptée"),"GREEN",IF(OR(I57="Non commencé",I57="Échec"),"RED","AMBER"))
A58: CP-9(1) | B58: Information System Backup | C58: Compute | D58: CP | E58: Compute | F58: CP-9-1 | G58: =IFERROR('[Compute.xlsx]CP-9-1'!B20,"Not Started") | H58: =IF(OR(G58="Passed",G58="Accepted Exception"),"GREEN",IF(OR(G58="Not Started",G58="Failed"),"RED","AMBER")) | I58: =IFERROR('[Compute.xlsx]CP-9-1'!E20,"Non commencé") | J58: =IF(OR(I58="Réussi",I58="Exception acceptée"),"GREEN",IF(OR(I58="Non commencé",I58="Échec"),"RED","AMBER"))
A59: CP-9(2) | B59: Information System Backup | C59: Compute | D59: CP | E59: Compute | F59: CP-9-2 | G59: =IFERROR('[Compute.xlsx]CP-9-2'!B20,"Not Started") | H59: =IF(OR(G59="Passed",G59="Accepted Exception"),"GREEN",IF(OR(G59="Not Started",G59="Failed"),"RED","AMBER")) | I59: =IFERROR('[Compute.xlsx]CP-9-2'!E20,"Non commencé") | J59: =IF(OR(I59="Réussi",I59="Exception acceptée"),"GREEN",IF(OR(I59="Non commencé",I59="Échec"),"RED","AMBER"))
A60: CP-9(5) | B60: Information System Backup | C60: Compute | D60: CP | E60: Compute | F60: CP-9-5 | G60: =IFERROR('[Compute.xlsx]CP-9-5'!B20,"Not Started") | H60: =IF(OR(G60="Passed",G60="Accepted Exception"),"GREEN",IF(OR(G60="Not Started",G60="Failed"),"RED","AMBER")) | I60: =IFERROR('[Compute.xlsx]CP-9-5'!E20,"Non commencé") | J60: =IF(OR(I60="Réussi",I60="Exception acceptée"),"GREEN",IF(OR(I60="Non commencé",I60="Échec"),"RED","AMBER"))
A61: CP-10 | B61: Information System Recovery and Reconstitution | C61: Compute | D61: CP | E61: Compute | F61: CP-10 | G61: =IFERROR('[Compute.xlsx]CP-10'!B20,"Not Started") | H61: =IF(OR(G61="Passed",G61="Accepted Exception"),"GREEN",IF(OR(G61="Not Started",G61="Failed"),"RED","AMBER")) | I61: =IFERROR('[Compute.xlsx]CP-10'!E20,"Non commencé") | J61: =IF(OR(I61="Réussi",I61="Exception acceptée"),"GREEN",IF(OR(I61="Non commencé",I61="Échec"),"RED","AMBER"))
A62: CP-10(4) | B62: Information System Recovery and Reconstitution | C62: Compute | D62: CP | E62: Compute | F62: CP-10-4 | G62: =IFERROR('[Compute.xlsx]CP-10-4'!B20,"Not Started") | H62: =IF(OR(G62="Passed",G62="Accepted Exception"),"GREEN",IF(OR(G62="Not Started",G62="Failed"),"RED","AMBER")) | I62: =IFERROR('[Compute.xlsx]CP-10-4'!E20,"Non commencé") | J62: =IF(OR(I62="Réussi",I62="Exception acceptée"),"GREEN",IF(OR(I62="Non commencé",I62="Échec"),"RED","AMBER"))
A63: IA-5(6) | B63: Authenticator Management | C63: Compute | D63: IA | E63: Compute | F63: IA-5-6 | G63: =IFERROR('[Compute.xlsx]IA-5-6'!B20,"Not Started") | H63: =IF(OR(G63="Passed",G63="Accepted Exception"),"GREEN",IF(OR(G63="Not Started",G63="Failed"),"RED","AMBER")) | I63: =IFERROR('[Compute.xlsx]IA-5-6'!E20,"Non commencé") | J63: =IF(OR(I63="Réussi",I63="Exception acceptée"),"GREEN",IF(OR(I63="Non commencé",I63="Échec"),"RED","AMBER"))
A64: IA-5(7) | B64: Authenticator Management | C64: Compute | D64: IA | E64: Compute | F64: IA-5-7 | G64: =IFERROR('[Compute.xlsx]IA-5-7'!B20,"Not Started") | H64: =IF(OR(G64="Passed",G64="Accepted Exception"),"GREEN",IF(OR(G64="Not Started",G64="Failed"),"RED","AMBER")) | I64: =IFERROR('[Compute.xlsx]IA-5-7'!E20,"Non commencé") | J64: =IF(OR(I64="Réussi",I64="Exception acceptée"),"GREEN",IF(OR(I64="Non commencé",I64="Échec"),"RED","AMBER"))
A65: SA-9(5) | B65: External Information System Services | C65: Compute | D65: SA | E65: Compute | F65: SA-9-5 | G65: =IFERROR('[Compute.xlsx]SA-9-5'!B20,"Not Started") | H65: =IF(OR(G65="Passed",G65="Accepted Exception"),"GREEN",IF(OR(G65="Not Started",G65="Failed"),"RED","AMBER")) | I65: =IFERROR('[Compute.xlsx]SA-9-5'!E20,"Non commencé") | J65: =IF(OR(I65="Réussi",I65="Exception acceptée"),"GREEN",IF(OR(I65="Non commencé",I65="Échec"),"RED","AMBER"))
A66: SA-10(1) | B66: Developer Configuration Management | C66: Compute | D66: SA | E66: Compute | F66: SA-10-1 | G66: =IFERROR('[Compute.xlsx]SA-10-1'!B20,"Not Started") | H66: =IF(OR(G66="Passed",G66="Accepted Exception"),"GREEN",IF(OR(G66="Not Started",G66="Failed"),"RED","AMBER")) | I66: =IFERROR('[Compute.xlsx]SA-10-1'!E20,"Non commencé") | J66: =IF(OR(I66="Réussi",I66="Exception acceptée"),"GREEN",IF(OR(I66="Non commencé",I66="Échec"),"RED","AMBER"))
A67: SC-2 | B67: Application Partitioning | C67: Compute | D67: SC | E67: Compute | F67: SC-2 | G67: =IFERROR('[Compute.xlsx]SC-2'!B20,"Not Started") | H67: =IF(OR(G67="Passed",G67="Accepted Exception"),"GREEN",IF(OR(G67="Not Started",G67="Failed"),"RED","AMBER")) | I67: =IFERROR('[Compute.xlsx]SC-2'!E20,"Non commencé") | J67: =IF(OR(I67="Réussi",I67="Exception acceptée"),"GREEN",IF(OR(I67="Non commencé",I67="Échec"),"RED","AMBER"))
A68: SC-6 | B68: Resource Availability | C68: Compute | D68: SC | E68: Compute | F68: SC-6 | G68: =IFERROR('[Compute.xlsx]SC-6'!B20,"Not Started") | H68: =IF(OR(G68="Passed",G68="Accepted Exception"),"GREEN",IF(OR(G68="Not Started",G68="Failed"),"RED","AMBER")) | I68: =IFERROR('[Compute.xlsx]SC-6'!E20,"Non commencé") | J68: =IF(OR(I68="Réussi",I68="Exception acceptée"),"GREEN",IF(OR(I68="Non commencé",I68="Échec"),"RED","AMBER"))
A69: SC-7(7) | B69: Boundary Protection | C69: Compute | D69: SC | E69: Compute | F69: SC-7-7 | G69: =IFERROR('[Compute.xlsx]SC-7-7'!B20,"Not Started") | H69: =IF(OR(G69="Passed",G69="Accepted Exception"),"GREEN",IF(OR(G69="Not Started",G69="Failed"),"RED","AMBER")) | I69: =IFERROR('[Compute.xlsx]SC-7-7'!E20,"Non commencé") | J69: =IF(OR(I69="Réussi",I69="Exception acceptée"),"GREEN",IF(OR(I69="Non commencé",I69="Échec"),"RED","AMBER"))
A70: SC-7(12) | B70: Boundary Protection | C70: Compute | D70: SC | E70: Compute | F70: SC-7-12 | G70: =IFERROR('[Compute.xlsx]SC-7-12'!B20,"Not Started") | H70: =IF(OR(G70="Passed",G70="Accepted Exception"),"GREEN",IF(OR(G70="Not Started",G70="Failed"),"RED","AMBER")) | I70: =IFERROR('[Compute.xlsx]SC-7-12'!E20,"Non commencé") | J70: =IF(OR(I70="Réussi",I70="Exception acceptée"),"GREEN",IF(OR(I70="Non commencé",I70="Échec"),"RED","AMBER"))
A71: SC-8 | B71: Transmission Confidentiality and Integrity | C71: Compute | D71: SC | E71: Compute | F71: SC-8 | G71: =IFERROR('[Compute.xlsx]SC-8'!B20,"Not Started") | H71: =IF(OR(G71="Passed",G71="Accepted Exception"),"GREEN",IF(OR(G71="Not Started",G71="Failed"),"RED","AMBER")) | I71: =IFERROR('[Compute.xlsx]SC-8'!E20,"Non commencé") | J71: =IF(OR(I71="Réussi",I71="Exception acceptée"),"GREEN",IF(OR(I71="Non commencé",I71="Échec"),"RED","AMBER"))
A72: SC-8(1) | B72: Transmission Confidentiality and Integrity | C72: Compute | D72: SC | E72: Compute | F72: SC-8-1 | G72: =IFERROR('[Compute.xlsx]SC-8-1'!B20,"Not Started") | H72: =IF(OR(G72="Passed",G72="Accepted Exception"),"GREEN",IF(OR(G72="Not Started",G72="Failed"),"RED","AMBER")) | I72: =IFERROR('[Compute.xlsx]SC-8-1'!E20,"Non commencé") | J72: =IF(OR(I72="Réussi",I72="Exception acceptée"),"GREEN",IF(OR(I72="Non commencé",I72="Échec"),"RED","AMBER"))
A73: SC-10 | B73: Network Disconnect | C73: Compute | D73: SC | E73: Compute | F73: SC-10 | G73: =IFERROR('[Compute.xlsx]SC-10'!B20,"Not Started") | H73: =IF(OR(G73="Passed",G73="Accepted Exception"),"GREEN",IF(OR(G73="Not Started",G73="Failed"),"RED","AMBER")) | I73: =IFERROR('[Compute.xlsx]SC-10'!E20,"Non commencé") | J73: =IF(OR(I73="Réussi",I73="Exception acceptée"),"GREEN",IF(OR(I73="Non commencé",I73="Échec"),"RED","AMBER"))
A74: SC-13 | B74: Cryptographic Protection | C74: Compute | D74: SC | E74: Compute | F74: SC-13 | G74: =IFERROR('[Compute.xlsx]SC-13'!B20,"Not Started") | H74: =IF(OR(G74="Passed",G74="Accepted Exception"),"GREEN",IF(OR(G74="Not Started",G74="Failed"),"RED","AMBER")) | I74: =IFERROR('[Compute.xlsx]SC-13'!E20,"Non commencé") | J74: =IF(OR(I74="Réussi",I74="Exception acceptée"),"GREEN",IF(OR(I74="Non commencé",I74="Échec"),"RED","AMBER"))
A75: SC-18 | B75: Mobile Code | C75: Compute | D75: SC | E75: Compute | F75: SC-18 | G75: =IFERROR('[Compute.xlsx]SC-18'!B20,"Not Started") | H75: =IF(OR(G75="Passed",G75="Accepted Exception"),"GREEN",IF(OR(G75="Not Started",G75="Failed"),"RED","AMBER")) | I75: =IFERROR('[Compute.xlsx]SC-18'!E20,"Non commencé") | J75: =IF(OR(I75="Réussi",I75="Exception acceptée"),"GREEN",IF(OR(I75="Non commencé",I75="Échec"),"RED","AMBER"))
A76: SC-18(3) | B76: Mobile Code | C76: Compute | D76: SC | E76: Compute | F76: SC-18-3 | G76: =IFERROR('[Compute.xlsx]SC-18-3'!B20,"Not Started") | H76: =IF(OR(G76="Passed",G76="Accepted Exception"),"GREEN",IF(OR(G76="Not Started",G76="Failed"),"RED","AMBER")) | I76: =IFERROR('[Compute.xlsx]SC-18-3'!E20,"Non commencé") | J76: =IF(OR(I76="Réussi",I76="Exception acceptée"),"GREEN",IF(OR(I76="Non commencé",I76="Échec"),"RED","AMBER"))
A77: SC-18(4) | B77: Mobile Code | C77: Compute | D77: SC | E77: Compute | F77: SC-18-4 | G77: =IFERROR('[Compute.xlsx]SC-18-4'!B20,"Not Started") | H77: =IF(OR(G77="Passed",G77="Accepted Exception"),"GREEN",IF(OR(G77="Not Started",G77="Failed"),"RED","AMBER")) | I77: =IFERROR('[Compute.xlsx]SC-18-4'!E20,"Non commencé") | J77: =IF(OR(I77="Réussi",I77="Exception acceptée"),"GREEN",IF(OR(I77="Non commencé",I77="Échec"),"RED","AMBER"))
A78: SC-23 | B78: Session Authenticity | C78: Compute | D78: SC | E78: Compute | F78: SC-23 | G78: =IFERROR('[Compute.xlsx]SC-23'!B20,"Not Started") | H78: =IF(OR(G78="Passed",G78="Accepted Exception"),"GREEN",IF(OR(G78="Not Started",G78="Failed"),"RED","AMBER")) | I78: =IFERROR('[Compute.xlsx]SC-23'!E20,"Non commencé") | J78: =IF(OR(I78="Réussi",I78="Exception acceptée"),"GREEN",IF(OR(I78="Non commencé",I78="Échec"),"RED","AMBER"))
A79: SC-23(1) | B79: Session Authenticity | C79: Compute | D79: SC | E79: Compute | F79: SC-23-1 | G79: =IFERROR('[Compute.xlsx]SC-23-1'!B20,"Not Started") | H79: =IF(OR(G79="Passed",G79="Accepted Exception"),"GREEN",IF(OR(G79="Not Started",G79="Failed"),"RED","AMBER")) | I79: =IFERROR('[Compute.xlsx]SC-23-1'!E20,"Non commencé") | J79: =IF(OR(I79="Réussi",I79="Exception acceptée"),"GREEN",IF(OR(I79="Non commencé",I79="Échec"),"RED","AMBER"))
A80: SC-28 | B80: Protection of Information At Rest | C80: Compute | D80: SC | E80: Compute | F80: SC-28 | G80: =IFERROR('[Compute.xlsx]SC-28'!B20,"Not Started") | H80: =IF(OR(G80="Passed",G80="Accepted Exception"),"GREEN",IF(OR(G80="Not Started",G80="Failed"),"RED","AMBER")) | I80: =IFERROR('[Compute.xlsx]SC-28'!E20,"Non commencé") | J80: =IF(OR(I80="Réussi",I80="Exception acceptée"),"GREEN",IF(OR(I80="Non commencé",I80="Échec"),"RED","AMBER"))
A81: SC-28(1) | B81: Protection of Information At Rest | C81: Compute | D81: SC | E81: Compute | F81: SC-28-1 | G81: =IFERROR('[Compute.xlsx]SC-28-1'!B20,"Not Started") | H81: =IF(OR(G81="Passed",G81="Accepted Exception"),"GREEN",IF(OR(G81="Not Started",G81="Failed"),"RED","AMBER")) | I81: =IFERROR('[Compute.xlsx]SC-28-1'!E20,"Non commencé") | J81: =IF(OR(I81="Réussi",I81="Exception acceptée"),"GREEN",IF(OR(I81="Non commencé",I81="Échec"),"RED","AMBER"))
A82: SC-39 | B82: Process Isolation | C82: Compute | D82: SC | E82: Compute | F82: SC-39 | G82: =IFERROR('[Compute.xlsx]SC-39'!B20,"Not Started") | H82: =IF(OR(G82="Passed",G82="Accepted Exception"),"GREEN",IF(OR(G82="Not Started",G82="Failed"),"RED","AMBER")) | I82: =IFERROR('[Compute.xlsx]SC-39'!E20,"Non commencé") | J82: =IF(OR(I82="Réussi",I82="Exception acceptée"),"GREEN",IF(OR(I82="Non commencé",I82="Échec"),"RED","AMBER"))
A83: SI-4(2) | B83: Information System Monitoring | C83: Compute | D83: SI | E83: Compute | F83: SI-4-2 | G83: =IFERROR('[Compute.xlsx]SI-4-2'!B20,"Not Started") | H83: =IF(OR(G83="Passed",G83="Accepted Exception"),"GREEN",IF(OR(G83="Not Started",G83="Failed"),"RED","AMBER")) | I83: =IFERROR('[Compute.xlsx]SI-4-2'!E20,"Non commencé") | J83: =IF(OR(I83="Réussi",I83="Exception acceptée"),"GREEN",IF(OR(I83="Non commencé",I83="Échec"),"RED","AMBER"))
A84: SI-4(4) | B84: Information System Monitoring | C84: Compute | D84: SI | E84: Compute | F84: SI-4-4 | G84: =IFERROR('[Compute.xlsx]SI-4-4'!B20,"Not Started") | H84: =IF(OR(G84="Passed",G84="Accepted Exception"),"GREEN",IF(OR(G84="Not Started",G84="Failed"),"RED","AMBER")) | I84: =IFERROR('[Compute.xlsx]SI-4-4'!E20,"Non commencé") | J84: =IF(OR(I84="Réussi",I84="Exception acceptée"),"GREEN",IF(OR(I84="Non commencé",I84="Échec"),"RED","AMBER"))
A85: SI-4(23) | B85: Information System Monitoring | C85: Compute | D85: SI | E85: Compute | F85: SI-4-23 | G85: =IFERROR('[Compute.xlsx]SI-4-23'!B20,"Not Started") | H85: =IF(OR(G85="Passed",G85="Accepted Exception"),"GREEN",IF(OR(G85="Not Started",G85="Failed"),"RED","AMBER")) | I85: =IFERROR('[Compute.xlsx]SI-4-23'!E20,"Non commencé") | J85: =IF(OR(I85="Réussi",I85="Exception acceptée"),"GREEN",IF(OR(I85="Non commencé",I85="Échec"),"RED","AMBER"))
A86: SI-6 | B86: Security Functional Verification | C86: Compute | D86: SI | E86: Compute | F86: SI-6 | G86: =IFERROR('[Compute.xlsx]SI-6'!B20,"Not Started") | H86: =IF(OR(G86="Passed",G86="Accepted Exception"),"GREEN",IF(OR(G86="Not Started",G86="Failed"),"RED","AMBER")) | I86: =IFERROR('[Compute.xlsx]SI-6'!E20,"Non commencé") | J86: =IF(OR(I86="Réussi",I86="Exception acceptée"),"GREEN",IF(OR(I86="Non commencé",I86="Échec"),"RED","AMBER"))
A87: SI-7 | B87: Software, Firmware, and Information Integrity | C87: Compute | D87: SI | E87: Compute | F87: SI-7 | G87: =IFERROR('[Compute.xlsx]SI-7'!B20,"Not Started") | H87: =IF(OR(G87="Passed",G87="Accepted Exception"),"GREEN",IF(OR(G87="Not Started",G87="Failed"),"RED","AMBER")) | I87: =IFERROR('[Compute.xlsx]SI-7'!E20,"Non commencé") | J87: =IF(OR(I87="Réussi",I87="Exception acceptée"),"GREEN",IF(OR(I87="Non commencé",I87="Échec"),"RED","AMBER"))
A88: SI-7(1) | B88: Software, Firmware, and Information Integrity | C88: Compute | D88: SI | E88: Compute | F88: SI-7-1 | G88: =IFERROR('[Compute.xlsx]SI-7-1'!B20,"Not Started") | H88: =IF(OR(G88="Passed",G88="Accepted Exception"),"GREEN",IF(OR(G88="Not Started",G88="Failed"),"RED","AMBER")) | I88: =IFERROR('[Compute.xlsx]SI-7-1'!E20,"Non commencé") | J88: =IF(OR(I88="Réussi",I88="Exception acceptée"),"GREEN",IF(OR(I88="Non commencé",I88="Échec"),"RED","AMBER"))
A89: SI-11 | B89: Error Handling | C89: Compute | D89: SI | E89: Compute | F89: SI-11 | G89: =IFERROR('[Compute.xlsx]SI-11'!B20,"Not Started") | H89: =IF(OR(G89="Passed",G89="Accepted Exception"),"GREEN",IF(OR(G89="Not Started",G89="Failed"),"RED","AMBER")) | I89: =IFERROR('[Compute.xlsx]SI-11'!E20,"Non commencé") | J89: =IF(OR(I89="Réussi",I89="Exception acceptée"),"GREEN",IF(OR(I89="Non commencé",I89="Échec"),"RED","AMBER"))
A90: SI-16 | B90: Memory Protection | C90: Compute | D90: SI | E90: Compute | F90: SI-16 | G90: =IFERROR('[Compute.xlsx]SI-16'!B20,"Not Started") | H90: =IF(OR(G90="Passed",G90="Accepted Exception"),"GREEN",IF(OR(G90="Not Started",G90="Failed"),"RED","AMBER")) | I90: =IFERROR('[Compute.xlsx]SI-16'!E20,"Non commencé") | J90: =IF(OR(I90="Réussi",I90="Exception acceptée"),"GREEN",IF(OR(I90="Non commencé",I90="Échec"),"RED","AMBER"))
A91: AC-6 | B91: Least Privilege | C91: Containers | D91: AC | E91: Containers | F91: AC-6 | G91: =IFERROR('[Containers.xlsx]AC-6'!B20,"Not Started") | H91: =IF(OR(G91="Passed",G91="Accepted Exception"),"GREEN",IF(OR(G91="Not Started",G91="Failed"),"RED","AMBER")) | I91: =IFERROR('[Containers.xlsx]AC-6'!E20,"Non commencé") | J91: =IF(OR(I91="Réussi",I91="Exception acceptée"),"GREEN",IF(OR(I91="Non commencé",I91="Échec"),"RED","AMBER"))
A92: AC-6(1) | B92: Least Privilege | C92: Containers | D92: AC | E92: Containers | F92: AC-6-1 | G92: =IFERROR('[Containers.xlsx]AC-6-1'!B20,"Not Started") | H92: =IF(OR(G92="Passed",G92="Accepted Exception"),"GREEN",IF(OR(G92="Not Started",G92="Failed"),"RED","AMBER")) | I92: =IFERROR('[Containers.xlsx]AC-6-1'!E20,"Non commencé") | J92: =IF(OR(I92="Réussi",I92="Exception acceptée"),"GREEN",IF(OR(I92="Non commencé",I92="Échec"),"RED","AMBER"))
A93: AC-17(3) | B93: Remote Access | C93: Containers | D93: AC | E93: Containers | F93: AC-17-3 | G93: =IFERROR('[Containers.xlsx]AC-17-3'!B20,"Not Started") | H93: =IF(OR(G93="Passed",G93="Accepted Exception"),"GREEN",IF(OR(G93="Not Started",G93="Failed"),"RED","AMBER")) | I93: =IFERROR('[Containers.xlsx]AC-17-3'!E20,"Non commencé") | J93: =IF(OR(I93="Réussi",I93="Exception acceptée"),"GREEN",IF(OR(I93="Non commencé",I93="Échec"),"RED","AMBER"))
A94: AU-2 | B94: Auditable Events | C94: Containers | D94: AU | E94: Containers | F94: AU-2 | G94: =IFERROR('[Containers.xlsx]AU-2'!B20,"Not Started") | H94: =IF(OR(G94="Passed",G94="Accepted Exception"),"GREEN",IF(OR(G94="Not Started",G94="Failed"),"RED","AMBER")) | I94: =IFERROR('[Containers.xlsx]AU-2'!E20,"Non commencé") | J94: =IF(OR(I94="Réussi",I94="Exception acceptée"),"GREEN",IF(OR(I94="Non commencé",I94="Échec"),"RED","AMBER"))
A95: AU-3 | B95: Content of Audit Records | C95: Containers | D95: AU | E95: Containers | F95: AU-3 | G95: =IFERROR('[Containers.xlsx]AU-3'!B20,"Not Started") | H95: =IF(OR(G95="Passed",G95="Accepted Exception"),"GREEN",IF(OR(G95="Not Started",G95="Failed"),"RED","AMBER")) | I95: =IFERROR('[Containers.xlsx]AU-3'!E20,"Non commencé") | J95: =IF(OR(I95="Réussi",I95="Exception acceptée"),"GREEN",IF(OR(I95="Non commencé",I95="Échec"),"RED","AMBER"))
A96: AU-3(1) | B96: Content of Audit Records | C96: Containers | D96: AU | E96: Containers | F96: AU-3-1 | G96: =IFERROR('[Containers.xlsx]AU-3-1'!B20,"Not Started") | H96: =IF(OR(G96="Passed",G96="Accepted Exception"),"GREEN",IF(OR(G96="Not Started",G96="Failed"),"RED","AMBER")) | I96: =IFERROR('[Containers.xlsx]AU-3-1'!E20,"Non commencé") | J96: =IF(OR(I96="Réussi",I96="Exception acceptée"),"GREEN",IF(OR(I96="Non commencé",I96="Échec"),"RED","AMBER"))
A97: AU-9(2) | B97: Protection of Audit Information | C97: Containers | D97: AU | E97: Containers | F97: AU-9-2 | G97: =IFERROR('[Containers.xlsx]AU-9-2'!B20,"Not Started") | H97: =IF(OR(G97="Passed",G97="Accepted Exception"),"GREEN",IF(OR(G97="Not Started",G97="Failed"),"RED","AMBER")) | I97: =IFERROR('[Containers.xlsx]AU-9-2'!E20,"Non commencé") | J97: =IF(OR(I97="Réussi",I97="Exception acceptée"),"GREEN",IF(OR(I97="Non commencé",I97="Échec"),"RED","AMBER"))
A98: AU-12 | B98: Audit Generation | C98: Containers | D98: AU | E98: Containers | F98: AU-12 | G98: =IFERROR('[Containers.xlsx]AU-12'!B20,"Not Started") | H98: =IF(OR(G98="Passed",G98="Accepted Exception"),"GREEN",IF(OR(G98="Not Started",G98="Failed"),"RED","AMBER")) | I98: =IFERROR('[Containers.xlsx]AU-12'!E20,"Non commencé") | J98: =IF(OR(I98="Réussi",I98="Exception acceptée"),"GREEN",IF(OR(I98="Non commencé",I98="Échec"),"RED","AMBER"))
A99: CA-3(5) | B99: Information System Connections | C99: Containers | D99: CA | E99: Containers | F99: CA-3-5 | G99: =IFERROR('[Containers.xlsx]CA-3-5'!B20,"Not Started") | H99: =IF(OR(G99="Passed",G99="Accepted Exception"),"GREEN",IF(OR(G99="Not Started",G99="Failed"),"RED","AMBER")) | I99: =IFERROR('[Containers.xlsx]CA-3-5'!E20,"Non commencé") | J99: =IF(OR(I99="Réussi",I99="Exception acceptée"),"GREEN",IF(OR(I99="Non commencé",I99="Échec"),"RED","AMBER"))
A100: CA-9 | B100: Internal System Connections | C100: Containers | D100: CA | E100: Containers | F100: CA-9 | G100: =IFERROR('[Containers.xlsx]CA-9'!B20,"Not Started") | H100: =IF(OR(G100="Passed",G100="Accepted Exception"),"GREEN",IF(OR(G100="Not Started",G100="Failed"),"RED","AMBER")) | I100: =IFERROR('[Containers.xlsx]CA-9'!E20,"Non commencé") | J100: =IF(OR(I100="Réussi",I100="Exception acceptée"),"GREEN",IF(OR(I100="Non commencé",I100="Échec"),"RED","AMBER"))
...

Sheet SUMMARY
A1: PBMM Evidence — LIVE Progress Summary — 21 Workbooks
A2: Metric | B2: EN Count | C2: EN % | D2: FR Count | E2: FR %
A3: Overall Status (LIVE)
A4: Total | B4: =1273 | C4: ="" | D4: =1273 | E4: =""
A5: Not Started | B5: =COUNTIF(TRACKER!G3:G1275,"Not Started") | C5: =IFERROR(COUNTIF(TRACKER!G3:G1275,"Not Started")/1273,0) | D5: =COUNTIF(TRACKER!I3:I1275,"Non commencé") | E5: =IFERROR(COUNTIF(TRACKER!I3:I1275,"Non commencé")/1273,0)
A6: In Progress | B6: =COUNTIF(TRACKER!G3:G1275,"In Progress") | C6: =IFERROR(COUNTIF(TRACKER!G3:G1275,"In Progress")/1273,0) | D6: =COUNTIF(TRACKER!I3:I1275,"En cours") | E6: =IFERROR(COUNTIF(TRACKER!I3:I1275,"En cours")/1273,0)
A7: Evidence Provided | B7: =COUNTIF(TRACKER!G3:G1275,"Evidence Provided") | C7: =IFERROR(COUNTIF(TRACKER!G3:G1275,"Evidence Provided")/1273,0) | D7: =COUNTIF(TRACKER!I3:I1275,"Preuve fournie") | E7: =IFERROR(COUNTIF(TRACKER!I3:I1275,"Preuve fournie")/1273,0)
A8: Under Review | B8: =COUNTIF(TRACKER!G3:G1275,"Under Review") | C8: =IFERROR(COUNTIF(TRACKER!G3:G1275,"Under Review")/1273,0) | D8: =COUNTIF(TRACKER!I3:I1275,"En révision") | E8: =IFERROR(COUNTIF(TRACKER!I3:I1275,"En révision")/1273,0)
A9: Passed | B9: =COUNTIF(TRACKER!G3:G1275,"Passed") | C9: =IFERROR(COUNTIF(TRACKER!G3:G1275,"Passed")/1273,0) | D9: =COUNTIF(TRACKER!I3:I1275,"Réussi") | E9: =IFERROR(COUNTIF(TRACKER!I3:I1275,"Réussi")/1273,0)
A10: Failed | B10: =COUNTIF(TRACKER!G3:G1275,"Failed") | C10: =IFERROR(COUNTIF(TRACKER!G3:G1275,"Failed")/1273,0) | D10: =COUNTIF(TRACKER!I3:I1275,"Échec") | E10: =IFERROR(COUNTIF(TRACKER!I3:I1275,"Échec")/1273,0)
A11: Accepted Exception | B11: =COUNTIF(TRACKER!G3:G1275,"Accepted Exception") | C11: =IFERROR(COUNTIF(TRACKER!G3:G1275,"Accepted Exception")/1273,0) | D11: =COUNTIF(TRACKER!I3:I1275,"Exception acceptée") | E11: =IFERROR(COUNTIF(TRACKER!I3:I1275,"Exception acceptée")/1273,0)
A13: By Technology (21 Workbooks)
A14: Analytics | B14: =COUNTIF(TRACKER!C3:C1275,"Analytics") | C14: =IFERROR(COUNTIF(TRACKER!C3:C1275,"Analytics")/1273,0) | D14: =COUNTIF(TRACKER!C3:C1275,"Analytics") | E14: =IFERROR(COUNTIF(TRACKER!C3:C1275,"Analytics")/1273,0)
A15: Compute | B15: =COUNTIF(TRACKER!C3:C1275,"Compute") | C15: =IFERROR(COUNTIF(TRACKER!C3:C1275,"Compute")/1273,0) | D15: =COUNTIF(TRACKER!C3:C1275,"Compute") | E15: =IFERROR(COUNTIF(TRACKER!C3:C1275,"Compute")/1273,0)
A16: Containers | B16: =COUNTIF(TRACKER!C3:C1275,"Containers") | C16: =IFERROR(COUNTIF(TRACKER!C3:C1275,"Containers")/1273,0) | D16: =COUNTIF(TRACKER!C3:C1275,"Containers") | E16: =IFERROR(COUNTIF(TRACKER!C3:C1275,"Containers")/1273,0)
A17: Database | B17: =COUNTIF(TRACKER!C3:C1275,"Database") | C17: =IFERROR(COUNTIF(TRACKER!C3:C1275,"Database")/1273,0) | D17: =COUNTIF(TRACKER!C3:C1275,"Database") | E17: =IFERROR(COUNTIF(TRACKER!C3:C1275,"Database")/1273,0)
A18: DevOps | B18: =COUNTIF(TRACKER!C3:C1275,"DevOps") | C18: =IFERROR(COUNTIF(TRACKER!C3:C1275,"DevOps")/1273,0) | D18: =COUNTIF(TRACKER!C3:C1275,"DevOps") | E18: =IFERROR(COUNTIF(TRACKER!C3:C1275,"DevOps")/1273,0)
A19: Developer Tools | B19: =COUNTIF(TRACKER!C3:C1275,"Developer Tools") | C19: =IFERROR(COUNTIF(TRACKER!C3:C1275,"Developer Tools")/1273,0) | D19: =COUNTIF(TRACKER!C3:C1275,"Developer Tools") | E19: =IFERROR(COUNTIF(TRACKER!C3:C1275,"Developer Tools")/1273,0)
A20: Documentation | B20: =COUNTIF(TRACKER!C3:C1275,"Documentation") | C20: =IFERROR(COUNTIF(TRACKER!C3:C1275,"Documentation")/1273,0) | D20: =COUNTIF(TRACKER!C3:C1275,"Documentation") | E20: =IFERROR(COUNTIF(TRACKER!C3:C1275,"Documentation")/1273,0)
A21: Hybrid + Multicloud | B21: =COUNTIF(TRACKER!C3:C1275,"Hybrid + Multicloud") | C21: =IFERROR(COUNTIF(TRACKER!C3:C1275,"Hybrid + Multicloud")/1273,0) | D21: =COUNTIF(TRACKER!C3:C1275,"Hybrid + Multicloud") | E21: =IFERROR(COUNTIF(TRACKER!C3:C1275,"Hybrid + Multicloud")/1273,0)
A22: Identity | B22: =COUNTIF(TRACKER!C3:C1275,"Identity") | C22: =IFERROR(COUNTIF(TRACKER!C3:C1275,"Identity")/1273,0) | D22: =COUNTIF(TRACKER!C3:C1275,"Identity") | E22: =IFERROR(COUNTIF(TRACKER!C3:C1275,"Identity")/1273,0)
A23: Management and Governance | B23: =COUNTIF(TRACKER!C3:C1275,"Management and Governance") | C23: =IFERROR(COUNTIF(TRACKER!C3:C1275,"Management and Governance")/1273,0) | D23: =COUNTIF(TRACKER!C3:C1275,"Management and Governance") | E23: =IFERROR(COUNTIF(TRACKER!C3:C1275,"Management and Governance")/1273,0)
A24: Microsoft-Descoped | B24: =COUNTIF(TRACKER!C3:C1275,"Microsoft-Descoped") | C24: =IFERROR(COUNTIF(TRACKER!C3:C1275,"Microsoft-Descoped")/1273,0) | D24: =COUNTIF(TRACKER!C3:C1275,"Microsoft-Descoped") | E24: =IFERROR(COUNTIF(TRACKER!C3:C1275,"Microsoft-Descoped")/1273,0)
A25: Networking | B25: =COUNTIF(TRACKER!C3:C1275,"Networking") | C25: =IFERROR(COUNTIF(TRACKER!C3:C1275,"Networking")/1273,0) | D25: =COUNTIF(TRACKER!C3:C1275,"Networking") | E25: =IFERROR(COUNTIF(TRACKER!C3:C1275,"Networking")/1273,0)
A26: Palo Alto Firewalls | B26: =COUNTIF(TRACKER!C3:C1275,"Palo Alto Firewalls") | C26: =IFERROR(COUNTIF(TRACKER!C3:C1275,"Palo Alto Firewalls")/1273,0) | D26: =COUNTIF(TRACKER!C3:C1275,"Palo Alto Firewalls") | E26: =IFERROR(COUNTIF(TRACKER!C3:C1275,"Palo Alto Firewalls")/1273,0)
A27: Panorama | B27: =COUNTIF(TRACKER!C3:C1275,"Panorama") | C27: =IFERROR(COUNTIF(TRACKER!C3:C1275,"Panorama")/1273,0) | D27: =COUNTIF(TRACKER!C3:C1275,"Panorama") | E27: =IFERROR(COUNTIF(TRACKER!C3:C1275,"Panorama")/1273,0)
A28: Security | B28: =COUNTIF(TRACKER!C3:C1275,"Security") | C28: =IFERROR(COUNTIF(TRACKER!C3:C1275,"Security")/1273,0) | D28: =COUNTIF(TRACKER!C3:C1275,"Security") | E28: =IFERROR(COUNTIF(TRACKER!C3:C1275,"Security")/1273,0)
A29: ServiceNow | B29: =COUNTIF(TRACKER!C3:C1275,"ServiceNow") | C29: =IFERROR(COUNTIF(TRACKER!C3:C1275,"ServiceNow")/1273,0) | D29: =COUNTIF(TRACKER!C3:C1275,"ServiceNow") | E29: =IFERROR(COUNTIF(TRACKER!C3:C1275,"ServiceNow")/1273,0)
A30: Storage | B30: =COUNTIF(TRACKER!C3:C1275,"Storage") | C30: =IFERROR(COUNTIF(TRACKER!C3:C1275,"Storage")/1273,0) | D30: =COUNTIF(TRACKER!C3:C1275,"Storage") | E30: =IFERROR(COUNTIF(TRACKER!C3:C1275,"Storage")/1273,0)
A31: Tenable Nessus | B31: =COUNTIF(TRACKER!C3:C1275,"Tenable Nessus") | C31: =IFERROR(COUNTIF(TRACKER!C3:C1275,"Tenable Nessus")/1273,0) | D31: =COUNTIF(TRACKER!C3:C1275,"Tenable Nessus") | E31: =IFERROR(COUNTIF(TRACKER!C3:C1275,"Tenable Nessus")/1273,0)
A32: Tenable Security Centre+ | B32: =COUNTIF(TRACKER!C3:C1275,"Tenable Security Centre+") | C32: =IFERROR(COUNTIF(TRACKER!C3:C1275,"Tenable Security Centre+")/1273,0) | D32: =COUNTIF(TRACKER!C3:C1275,"Tenable Security Centre+") | E32: =IFERROR(COUNTIF(TRACKER!C3:C1275,"Tenable Security Centre+")/1273,0)
A33: Virtual Desktop Infrastructure | B33: =COUNTIF(TRACKER!C3:C1275,"Virtual Desktop Infrastructure") | C33: =IFERROR(COUNTIF(TRACKER!C3:C1275,"Virtual Desktop Infrastructure")/1273,0) | D33: =COUNTIF(TRACKER!C3:C1275,"Virtual Desktop Infrastructure") | E33: =IFERROR(COUNTIF(TRACKER!C3:C1275,"Virtual Desktop Infrastructure")/1273,0)
A34: Web | B34: =COUNTIF(TRACKER!C3:C1275,"Web") | C34: =IFERROR(COUNTIF(TRACKER!C3:C1275,"Web")/1273,0) | D34: =COUNTIF(TRACKER!C3:C1275,"Web") | E34: =IFERROR(COUNTIF(TRACKER!C3:C1275,"Web")/1273,0)

Sheet EXECUTIVE DASHBOARD
A1: PBMM Gap Analysis — Executive Dashboard
A2: Technology | B2: Total | C2: Passed | D2: In Progress | E2: Failed | F2: Not Started | G2: % Complete | H2: RAG
A3: Analytics | B3: =COUNTIF(TRACKER!$C$3:$C$1275,A3) | C3: =COUNTIFS(TRACKER!$C$3:$C$1275,A3,TRACKER!$G$3:$G$1275,"Passed")+COUNTIFS(TRACKER!$C$3:$C$1275,A3,TRACKER!$G$3:$G$1275,"Accepted Exception") | D3: =COUNTIFS(TRACKER!$C$3:$C$1275,A3,TRACKER!$G$3:$G$1275,"In Progress")+COUNTIFS(TRACKER!$C$3:$C$1275,A3,TRACKER!$G$3:$G$1275,"Evidence Provided")+COUNTIFS(TRACKER!$C$3:$C$1275,A3,TRACKER!$G$3:$G$1275,"Under Review") | E3: =COUNTIFS(TRACKER!$C$3:$C$1275,A3,TRACKER!$G$3:$G$1275,"Failed") | F3: =COUNTIFS(TRACKER!$C$3:$C$1275,A3,TRACKER!$G$3:$G$1275,"Not Started") | G3: =IFERROR(C3/B3,0) | H3: =IF(G3>=0.9,"GREEN",IF(G3>=0.5,"AMBER","RED"))
A4: Compute | B4: =COUNTIF(TRACKER!$C$3:$C$1275,A4) | C4: =COUNTIFS(TRACKER!$C$3:$C$1275,A4,TRACKER!$G$3:$G$1275,"Passed")+COUNTIFS(TRACKER!$C$3:$C$1275,A4,TRACKER!$G$3:$G$1275,"Accepted Exception") | D4: =COUNTIFS(TRACKER!$C$3:$C$1275,A4,TRACKER!$G$3:$G$1275,"In Progress")+COUNTIFS(TRACKER!$C$3:$C$1275,A4,TRACKER!$G$3:$G$1275,"Evidence Provided")+COUNTIFS(TRACKER!$C$3:$C$1275,A4,TRACKER!$G$3:$G$1275,"Under Review") | E4: =COUNTIFS(TRACKER!$C$3:$C$1275,A4,TRACKER!$G$3:$G$1275,"Failed") | F4: =COUNTIFS(TRACKER!$C$3:$C$1275,A4,TRACKER!$G$3:$G$1275,"Not Started") | G4: =IFERROR(C4/B4,0) | H4: =IF(G4>=0.9,"GREEN",IF(G4>=0.5,"AMBER","RED"))
A5: Containers | B5: =COUNTIF(TRACKER!$C$3:$C$1275,A5) | C5: =COUNTIFS(TRACKER!$C$3:$C$1275,A5,TRACKER!$G$3:$G$1275,"Passed")+COUNTIFS(TRACKER!$C$3:$C$1275,A5,TRACKER!$G$3:$G$1275,"Accepted Exception") | D5: =COUNTIFS(TRACKER!$C$3:$C$1275,A5,TRACKER!$G$3:$G$1275,"In Progress")+COUNTIFS(TRACKER!$C$3:$C$1275,A5,TRACKER!$G$3:$G$1275,"Evidence Provided")+COUNTIFS(TRACKER!$C$3:$C$1275,A5,TRACKER!$G$3:$G$1275,"Under Review") | E5: =COUNTIFS(TRACKER!$C$3:$C$1275,A5,TRACKER!$G$3:$G$1275,"Failed") | F5: =COUNTIFS(TRACKER!$C$3:$C$1275,A5,TRACKER!$G$3:$G$1275,"Not Started") | G5: =IFERROR(C5/B5,0) | H5: =IF(G5>=0.9,"GREEN",IF(G5>=0.5,"AMBER","RED"))
A6: Database | B6: =COUNTIF(TRACKER!$C$3:$C$1275,A6) | C6: =COUNTIFS(TRACKER!$C$3:$C$1275,A6,TRACKER!$G$3:$G$1275,"Passed")+COUNTIFS(TRACKER!$C$3:$C$1275,A6,TRACKER!$G$3:$G$1275,"Accepted Exception") | D6: =COUNTIFS(TRACKER!$C$3:$C$1275,A6,TRACKER!$G$3:$G$1275,"In Progress")+COUNTIFS(TRACKER!$C$3:$C$1275,A6,TRACKER!$G$3:$G$1275,"Evidence Provided")+COUNTIFS(TRACKER!$C$3:$C$1275,A6,TRACKER!$G$3:$G$1275,"Under Review") | E6: =COUNTIFS(TRACKER!$C$3:$C$1275,A6,TRACKER!$G$3:$G$1275,"Failed") | F6: =COUNTIFS(TRACKER!$C$3:$C$1275,A6,TRACKER!$G$3:$G$1275,"Not Started") | G6: =IFERROR(C6/B6,0) | H6: =IF(G6>=0.9,"GREEN",IF(G6>=0.5,"AMBER","RED"))
A7: DevOps | B7: =COUNTIF(TRACKER!$C$3:$C$1275,A7) | C7: =COUNTIFS(TRACKER!$C$3:$C$1275,A7,TRACKER!$G$3:$G$1275,"Passed")+COUNTIFS(TRACKER!$C$3:$C$1275,A7,TRACKER!$G$3:$G$1275,"Accepted Exception") | D7: =COUNTIFS(TRACKER!$C$3:$C$1275,A7,TRACKER!$G$3:$G$1275,"In Progress")+COUNTIFS(TRACKER!$C$3:$C$1275,A7,TRACKER!$G$3:$G$1275,"Evidence Provided")+COUNTIFS(TRACKER!$C$3:$C$1275,A7,TRACKER!$G$3:$G$1275,"Under Review") | E7: =COUNTIFS(TRACKER!$C$3:$C$1275,A7,TRACKER!$G$3:$G$1275,"Failed") | F7: =COUNTIFS(TRACKER!$C$3:$C$1275,A7,TRACKER!$G$3:$G$1275,"Not Started") | G7: =IFERROR(C7/B7,0) | H7: =IF(G7>=0.9,"GREEN",IF(G7>=0.5,"AMBER","RED"))
A8: Developer Tools | B8: =COUNTIF(TRACKER!$C$3:$C$1275,A8) | C8: =COUNTIFS(TRACKER!$C$3:$C$1275,A8,TRACKER!$G$3:$G$1275,"Passed")+COUNTIFS(TRACKER!$C$3:$C$1275,A8,TRACKER!$G$3:$G$1275,"Accepted Exception") | D8: =COUNTIFS(TRACKER!$C$3:$C$1275,A8,TRACKER!$G$3:$G$1275,"In Progress")+COUNTIFS(TRACKER!$C$3:$C$1275,A8,TRACKER!$G$3:$G$1275,"Evidence Provided")+COUNTIFS(TRACKER!$C$3:$C$1275,A8,TRACKER!$G$3:$G$1275,"Under Review") | E8: =COUNTIFS(TRACKER!$C$3:$C$1275,A8,TRACKER!$G$3:$G$1275,"Failed") | F8: =COUNTIFS(TRACKER!$C$3:$C$1275,A8,TRACKER!$G$3:$G$1275,"Not Started") | G8: =IFERROR(C8/B8,0) | H8: =IF(G8>=0.9,"GREEN",IF(G8>=0.5,"AMBER","RED"))
A9: Documentation | B9: =COUNTIF(TRACKER!$C$3:$C$1275,A9) | C9: =COUNTIFS(TRACKER!$C$3:$C$1275,A9,TRACKER!$G$3:$G$1275,"Passed")+COUNTIFS(TRACKER!$C$3:$C$1275,A9,TRACKER!$G$3:$G$1275,"Accepted Exception") | D9: =COUNTIFS(TRACKER!$C$3:$C$1275,A9,TRACKER!$G$3:$G$1275,"In Progress")+COUNTIFS(TRACKER!$C$3:$C$1275,A9,TRACKER!$G$3:$G$1275,"Evidence Provided")+COUNTIFS(TRACKER!$C$3:$C$1275,A9,TRACKER!$G$3:$G$1275,"Under Review") | E9: =COUNTIFS(TRACKER!$C$3:$C$1275,A9,TRACKER!$G$3:$G$1275,"Failed") | F9: =COUNTIFS(TRACKER!$C$3:$C$1275,A9,TRACKER!$G$3:$G$1275,"Not Started") | G9: =IFERROR(C9/B9,0) | H9: =IF(G9>=0.9,"GREEN",IF(G9>=0.5,"AMBER","RED"))
A10: Hybrid + Multicloud | B10: =COUNTIF(TRACKER!$C$3:$C$1275,A10) | C10: =COUNTIFS(TRACKER!$C$3:$C$1275,A10,TRACKER!$G$3:$G$1275,"Passed")+COUNTIFS(TRACKER!$C$3:$C$1275,A10,TRACKER!$G$3:$G$1275,"Accepted Exception") | D10: =COUNTIFS(TRACKER!$C$3:$C$1275,A10,TRACKER!$G$3:$G$1275,"In Progress")+COUNTIFS(TRACKER!$C$3:$C$1275,A10,TRACKER!$G$3:$G$1275,"Evidence Provided")+COUNTIFS(TRACKER!$C$3:$C$1275,A10,TRACKER!$G$3:$G$1275,"Under Review") | E10: =COUNTIFS(TRACKER!$C$3:$C$1275,A10,TRACKER!$G$3:$G$1275,"Failed") | F10: =COUNTIFS(TRACKER!$C$3:$C$1275,A10,TRACKER!$G$3:$G$1275,"Not Started") | G10: =IFERROR(C10/B10,0) | H10: =IF(G10>=0.9,"GREEN",IF(G10>=0.5,"AMBER","RED"))
A11: Identity | B11: =COUNTIF(TRACKER!$C$3:$C$1275,A11) | C11: =COUNTIFS(TRACKER!$C$3:$C$1275,A11,TRACKER!$G$3:$G$1275,"Passed")+COUNTIFS(TRACKER!$C$3:$C$1275,A11,TRACKER!$G$3:$G$1275,"Accepted Exception") | D11: =COUNTIFS(TRACKER!$C$3:$C$1275,A11,TRACKER!$G$3:$G$1275,"In Progress")+COUNTIFS(TRACKER!$C$3:$C$1275,A11,TRACKER!$G$3:$G$1275,"Evidence Provided")+COUNTIFS(TRACKER!$C$3:$C$1275,A11,TRACKER!$G$3:$G$1275,"Under Review") | E11: =COUNTIFS(TRACKER!$C$3:$C$1275,A11,TRACKER!$G$3:$G$1275,"Failed") | F11: =COUNTIFS(TRACKER!$C$3:$C$1275,A11,TRACKER!$G$3:$G$1275,"Not Started") | G11: =IFERROR(C11/B11,0) | H11: =IF(G11>=0.9,"GREEN",IF(G11>=0.5,"AMBER","RED"))
A12: Management and Governance | B12: =COUNTIF(TRACKER!$C$3:$C$1275,A12) | C12: =COUNTIFS(TRACKER!$C$3:$C$1275,A12,TRACKER!$G$3:$G$1275,"Passed")+COUNTIFS(TRACKER!$C$3:$C$1275,A12,TRACKER!$G$3:$G$1275,"Accepted Exception") | D12: =COUNTIFS(TRACKER!$C$3:$C$1275,A12,TRACKER!$G$3:$G$1275,"In Progress")+COUNTIFS(TRACKER!$C$3:$C$1275,A12,TRACKER!$G$3:$G$1275,"Evidence Provided")+COUNTIFS(TRACKER!$C$3:$C$1275,A12,TRACKER!$G$3:$G$1275,"Under Review") | E12: =COUNTIFS(TRACKER!$C$3:$C$1275,A12,TRACKER!$G$3:$G$1275,"Failed") | F12: =COUNTIFS(TRACKER!$C$3:$C$1275,A12,TRACKER!$G$3:$G$1275,"Not Started") | G12: =IFERROR(C12/B12,0) | H12: =IF(G12>=0.9,"GREEN",IF(G12>=0.5,"AMBER","RED"))
A13: Microsoft-Descoped | B13: =COUNTIF(TRACKER!$C$3:$C$1275,A13) | C13: =COUNTIFS(TRACKER!$C$3:$C$1275,A13,TRACKER!$G$3:$G$1275,"Passed")+COUNTIFS(TRACKER!$C$3:$C$1275,A13,TRACKER!$G$3:$G$1275,"Accepted Exception") | D13: =COUNTIFS(TRACKER!$C$3:$C$1275,A13,TRACKER!$G$3:$G$1275,"In Progress")+COUNTIFS(TRACKER!$C$3:$C$1275,A13,TRACKER!$G$3:$G$1275,"Evidence Provided")+COUNTIFS(TRACKER!$C$3:$C$1275,A13,TRACKER!$G$3:$G$1275,"Under Review") | E13: =COUNTIFS(TRACKER!$C$3:$C$1275,A13,TRACKER!$G$3:$G$1275,"Failed") | F13: =COUNTIFS(TRACKER!$C$3:$C$1275,A13,TRACKER!$G$3:$G$1275,"Not Started") | G13: =IFERROR(C13/B13,0) | H13: =IF(G13>=0.9,"GREEN",IF(G13>=0.5,"AMBER","RED"))
A14: Networking | B14: =COUNTIF(TRACKER!$C$3:$C$1275,A14) | C14: =COUNTIFS(TRACKER!$C$3:$C$1275,A14,TRACKER!$G$3:$G$1275,"Passed")+COUNTIFS(TRACKER!$C$3:$C$1275,A14,TRACKER!$G$3:$G$1275,"Accepted Exception") | D14: =COUNTIFS(TRACKER!$C$3:$C$1275,A14,TRACKER!$G$3:$G$1275,"In Progress")+COUNTIFS(TRACKER!$C$3:$C$1275,A14,TRACKER!$G$3:$G$1275,"Evidence Provided")+COUNTIFS(TRACKER!$C$3:$C$1275,A14,TRACKER!$G$3:$G$1275,"Under Review") | E14: =COUNTIFS(TRACKER!$C$3:$C$1275,A14,TRACKER!$G$3:$G$1275,"Failed") | F14: =COUNTIFS(TRACKER!$C$3:$C$1275,A14,TRACKER!$G$3:$G$1275,"Not Started") | G14: =IFERROR(C14/B14,0) | H14: =IF(G14>=0.9,"GREEN",IF(G14>=0.5,"AMBER","RED"))
... A23: Web | B23: =COUNTIF(TRACKER!$C$3:$C$1275,A23) | C23: =COUNTIFS(TRACKER!$C$3:$C$1275,A23,TRACKER!$G$3:$G$1275,"Passed")+COUNTIFS(TRACKER!$C$3:$C$1275,A23,TRACKER!$G$3:$G$1275,"Accepted Exception") | D23: =COUNTIFS(TRACKER!$C$3:$C$1275,A23,TRACKER!$G$3:$G$1275,"In Progress")+COUNTIFS(TRACKER!$C$3:$C$1275,A23,TRACKER!$G$3:$G$1275,"Evidence Provided")+COUNTIFS(TRACKER!$C$3:$C$1275,A23,TRACKER!$G$3:$G$1275,"Under Review") | E23: =COUNTIFS(TRACKER!$C$3:$C$1275,A23,TRACKER!$G$3:$G$1275,"Failed") | F23: =COUNTIFS(TRACKER!$C$3:$C$1275,A23,TRACKER!$G$3:$G$1275,"Not Started") | G23: =IFERROR(C23/B23,0) | H23: =IF(G23>=0.9,"GREEN",IF(G23>=0.5,"AMBER","RED"))
A25: TOTALS
A26: Total Control Entries | B26: =SUM(B3:B23) | C26: =SUM(C3:C23) | D26: =SUM(D3:D23) | E26: =SUM(E3:E23) | F26: =SUM(F3:F23) | G26: =IFERROR(C26/B26,0)
A27: Technologies at RED (< 50%) | B27: =COUNTIF(H3:H23,"RED")
A28: Technologies at AMBER (50-89%) | B28: =COUNTIF(H3:H23,"AMBER")
A29: Technologies at GREEN (90%+) | B29: =COUNTIF(H3:H23,"GREEN")

Sheet GAPS BY FAMILY
A1: Gap Rate by Technology × Control Family (0% = no gaps, 100% = all gaps)
A2: Technology | B2: AC | C2: AT | D2: AU | E2: CA | F2: CM | G2: CP | H2: IA | I2: IR | J2: MA | K2: MP | L2: PE | M2: PL | N2: PS | O2: RA | P2: SA | Q2: SC | R2: SI
A3: Analytics | B3: =IFERROR(1-(COUNTIFS(TRACKER!$C$3:$C$1275,A3,TRACKER!$D$3:$D$1275,"AC",TRACKER!$G$3:$G$1275,"Passed")+COUNTIFS(TRACKER!$C$3:$C$1275,A3,TRACKER!$D$3:$D$1275,"AC",TRACKER!$G$3:$G$1275,"Accepted Exception"))/COUNTIFS(TRACKER!$C$3:$C$1275,A3,TRACKER!$D$3:$D$1275,"AC"),"") | C3: =IFERROR(1-(COUNTIFS(TRACKER!$C$3:$C$1275,A3,TRACKER!$D$3:$D$1275,"AT",TRACKER!$G$3:$G$1275,"Passed")+COUNTIFS(TRACKER!$C$3:$C$1275,A3,TRACKER!$D$3:$D$1275,"AT",TRACKER!$G$3:$G$1275,"Accepted Exception"))/COUNTIFS(TRACKER!$C$3:$C$1275,A3,TRACKER!$D$3:$D$1275,"AT"),"") | D3: =IFERROR(1-(COUNTIFS(TRACKER!$C$3:$C$1275,A3,TRACKER!$D$3:$D$1275,"AU",TRACKER!$G$3:$G$1275,"Passed")+COUNTIFS(TRACKER!$C$3:$C$1275,A3,TRACKER!$D$3:$D$1275,"AU",TRACKER!$G$3:$G$1275,"Accepted Exception"))/COUNTIFS(TRACKER!$C$3:$C$1275,A3,TRACKER!$D$3:$D$1275,"AU"),"") | E3: =IFERROR(1-(COUNTIFS(TRACKER!$C$3:$C$1275,A3,TRACKER!$D$3:$D$1275,"CA",TRACKER!$G$3:$G$1275,"Passed")+COUNTIFS(TRACKER!$C$3:$C$1275,A3,TRACKER!$D$3:$D$1275,"CA",TRACKER!$G$3:$G$1275,"Accepted Exception"))/COUNTIFS(TRACKER!$C$3:$C$1275,A3,TRACKER!$D$3:$D$1275,"CA"),"") | F3: =IFERROR(1-(COUNTIFS(TRACKER!$C$3:$C$1275,A3,TRACKER!$D$3:$D$1275,"CM",TRACKER!$G$3:$G$1275,"Passed")+COUNTIFS(TRACKER!$C$3:$C$1275,A3,TRACKER!$D$3:$D$1275,"CM",TRACKER!$G$3:$G$1275,"Accepted Exception"))/COUNTIFS(TRACKER!$C$3:$C$1275,A3,TRACKER!$D$3:$D$1275,"CM"),"") | G3: =IFERROR(1-(COUNTIFS(TRACKER!$C$3:$C$1275,A3,TRACKER!$D$3:$D$1275,"CP",TRACKER!$G$3:$G$1275,"Passed")+COUNTIFS(TRACKER!$C$3:$C$1275,A3,TRACKER!$D$3:$D$1275,"CP",TRACKER!$G$3:$G$1275,"Accepted Exception"))/COUNTIFS(TRACKER!$C$3:$C$1275,A3,TRACKER!$D$3:$D$1275,"CP"),"") | H3: =IFERROR(1-(COUNTIFS(TRACKER!$C$3:$C$1275,A3,TRACKER!$D$3:$D$1275,"IA",TRACKER!$G$3:$G$1275,"Passed")+COUNTIFS(TRACKER!$C$3:$C$1275,A3,TRACKER!$D$3:$D$1275,"IA",TRACKER!$G$3:$G$1275,"Accepted Exception"))/COUNTIFS(TRACKER!$C$3:$C$1275,A3,TRACKER!$D$3:$D$1275,"IA"),"") | I3: =IFERROR(1-(COUNTIFS(TRACKER!$C$3:$C$1275,A3,TRACKER!$D$3:$D$1275,"IR",TRACKER!$G$3:$G$1275,"Passed")+COUNTIFS(TRACKER!$C$3:$C$1275,A3,TRACKER!$D$3:$D$1275,"IR",TRACKER!$G$3:$G$1275,"Accepted Exception"))/COUNTIFS(TRACKER!$C$3:$C$1275,A3,TRACKER!$D$3:$D$1275,"IR"),"") | J3: =IFERROR(1-(COUNTIFS(TRACKER!$C$3:$C$1275,A3,TRACKER!$D$3:$D$1275,"MA",TRACKER!$G$3:$G$1275,"Passed")+COUNTIFS(TRACKER!$C$3:$C$1275,A3,TRACKER!$D$3:$D$1275,"MA",TRACKER!$G$3:$G$1275,"Accepted Exception"))/COUNTIFS(TRACKER!$C$3:$C$1275,A3,TRACKER!$D$3:$D$1275,"MA"),"") | K3: =IFERROR(1-(COUNTIFS(TRACKER!$C$3:$C$1275,A3,TRACKER!$D$3:$D$1275,"MP",TRACKER!$G$3:$G$1275,"Passed")+COUNTIFS(TRACKER!$C$3:$C$1275,A3,TRACKER!$D$3:$D$1275,"MP",TRACKER!$G$3:$G$1275,"Accepted Exception"))/COUNTIFS(TRACKER!$C$3:$C$1275,A3,TRACKER!$D$3:$D$1275,"MP"),"") | L3: =IFERROR(1-(COUNTIFS(TRACKER!$C$3:$C$1275,A3,TRACKER!$D$3:$D$1275,"PE",TRACKER!$G$3:$G$1275,"Passed")+COUNTIFS(TRACKER!$C$3:$C$1275,A3,TRACKER!$D$3:$D$1275,"PE",TRACKER!$G$3:$G$1275,"Accepted Exception"))/COUNTIFS(TRACKER!$C$3:$C$1275,A3,TRACKER!$D$3:$D$1275,"PE"),"") | M3: =IFERROR(1-(COUNTIFS(TRACKER!$C$3:$C$1275,A3,TRACKER!$D$3:$D$1275,"PL",TRACKER!$G$3:$G$1275,"Passed")+COUNTIFS(TRACKER!$C$3:$C$1275,A3,TRACKER!$D$3:$D$1275,"PL",TRACKER!$G$3:$G$1275,"Accepted Exception"))/COUNTIFS(TRACKER!$C$3:$C$1275,A3,TRACKER!$D$3:$D$1275,"PL"),"") | N3: =IFERROR(1-(COUNTIFS(TRACKER!$C$3:$C$1275,A3,TRACKER!$D$3:$D$1275,"PS",TRACKER!$G$3:$G$1275,"Passed")+COUNTIFS(TRACKER!$C$3:$C$1275,A3,TRACKER!$D$3:$D$1275,"PS",TRACKER!$G$3:$G$1275,"Accepted Exception"))/COUNTIFS(TRACKER!$C$3:$C$1275,A3,TRACKER!$D$3:$D$1275,"PS"),"") | O3: =IFERROR(1-(COUNTIFS(TRACKER!$C$3:$C$1275,A3,TRACKER!$D$3:$D$1275,"RA",TRACKER!$G$3:$G$1275,"Passed")+COUNTIFS(TRACKER!$C$3:$C$1275,A3,TRACKER!$D$3:$D$1275,"RA",TRACKER!$G$3:$G$1275,"Accepted Exception"))/COUNTIFS(TRACKER!$C$3:$C$1275,A3,TRACKER!$D$3:$D$1275,"RA"),"") | P3: =IFERROR(1-(COUNTIFS(TRACKER!$C$3:$C$1275,A3,TRACKER!$D$3:$D$1275,"SA",TRACKER!$G$3:$G$1275,"Passed")+COUNTIFS(TRACKER!$C$3:$C$1275,A3,TRACKER!$D$3:$D$1275,"SA",TRACKER!$G$3:$G$1275,"Accepted Exception"))/COUNTIFS(TRACKER!$C$3:$C$1275,A3,TRACKER!$D$3:$D$1275,"SA"),"") | Q3: =IFERROR(1-(COUNTIFS(TRACKER!$C$3:$C$1275,A3,TRACKER!$D$3:$D$1275,"SC",TRACKER!$G$3:$G$1275,"Passed")+COUNTIFS(TRACKER!$C$3:$C$1275,A3,TRACKER!$D$3:$D$1275,"SC",TRACKER!$G$3:$G$1275,"Accepted Exception"))/COUNTIFS(TRACKER!$C$3:$C$1275,A3,TRACKER!$D$3:$D$1275,"SC"),"") | R3: =IFERROR(1-(COUNTIFS(TRACKER!$C$3:$C$1275,A3,TRACKER!$D$3:$D$1275,"SI",TRACKER!$G$3:$G$1275,"Passed")+COUNTIFS(TRACKER!$C$3:$C$1275,A3,TRACKER!$D$3:$D$1275,"SI",TRACKER!$G$3:$G$1275,"Accepted Exception"))/COUNTIFS(TRACKER!$C$3:$C$1275,A3,TRACKER!$D$3:$D$1275,"SI"),"")
A4: Compute | B4: =IFERROR(1-(COUNTIFS(TRACKER!$C$3:$C$1275,A4,TRACKER!$D$3:$D$1275,"AC",TRACKER!$G$3:$G$1275,"Passed")+COUNTIFS(TRACKER!$C$3:$C$1275,A4,TRACKER!$D$3:$D$1275,"AC",TRACKER!$G$3:$G$1275,"Accepted Exception"))/COUNTIFS(TRACKER!$C$3:$C$1275,A4,TRACKER!$D$3:$D$1275,"AC"),"") | C4: =IFERROR(1-(COUNTIFS(TRACKER!$C$3:$C$1275,A4,TRACKER!$D$3:$D$1275,"AT",TRACKER!$G$3:$G$1275,"Passed")+COUNTIFS(TRACKER!$C$3:$C$1275,A4,TRACKER!$D$3:$D$1275,"AT",TRACKER!$G$3:$G$1275,"Accepted Exception"))/COUNTIFS(TRACKER!$C$3:$C$1275,A4,TRACKER!$D$3:$D$1275,"AT"),"") | D4: =IFERROR(1-(COUNTIFS(TRACKER!$C$3:$C$1275,A4,TRACKER!$D$3:$D$1275,"AU",TRACKER!$G$3:$G$1275,"Passed")+COUNTIFS(TRACKER!$C$3:$C$1275,A4,TRACKER!$D$3:$D$1275,"AU",TRACKER!$G$3:$G$1275,"Accepted Exception"))/COUNTIFS(TRACKER!$C$3:$C$1275,A4,TRACKER!$D$3:$D$1275,"AU"),"") | E4: =IFERROR(1-(COUNTIFS(TRACKER!$C$3:$C$1275,A4,TRACKER!$D$3:$D$1275,"CA",TRACKER!$G$3:$G$1275,"Passed")+COUNTIFS(TRACKER!$C$3:$C$1275,A4,TRACKER!$D$3:$D$1275,"CA",TRACKER!$G$3:$G$1275,"Accepted Exception"))/COUNTIFS(TRACKER!$C$3:$C$1275,A4,TRACKER!$D$3:$D$1275,"CA"),"") | F4: =IFERROR(1-(COUNTIFS(TRACKER!$C$3:$C$1275,A4,TRACKER!$D$3:$D$1275,"CM",TRACKER!$G$3:$G$1275,"Passed")+COUNTIFS(TRACKER!$C$3:$C$1275,A4,TRACKER!$D$3:$D$1275,"CM",TRACKER!$G$3:$G$1275,"Accepted Exception"))/COUNTIFS(TRACKER!$C$3:$C$1275,A4,TRACKER!$D$3:$D$1275,"CM"),"") | G4: =IFERROR(1-(COUNTIFS(TRACKER!$C$3:$C$1275,A4,TRACKER!$D$3:$D$1275,"CP",TRACKER!$G$3:$G$1275,"Passed")+COUNTIFS(TRACKER!$C$3:$C$1275,A4,TRACKER!$D$3:$D$1275,"CP",TRACKER!$G$3:$G$1275,"Accepted Exception"))/COUNTIFS(TRACKER!$C$3:$C$1275,A4,TRACKER!$D$3:$D$1275,"CP"),"") | H4: =IFERROR(1-(COUNTIFS(TRACKER!$C$3:$C$1275,A4,TRACKER!$D$3:$D$1275,"IA",TRACKER!$G$3:$G$1275,"Passed")+COUNTIFS(TRACKER!$C$3:$C$1275,A4,TRACKER!$D$3:$D$1275,"IA",TRACKER!$G$3:$G$1275,"Accepted Exception"))/COUNTIFS(TRACKER!$C$3:$C$1275,A4,TRACKER!$D$3:$D$1275,"IA"),"") | I4: =IFERROR(1-(COUNTIFS(TRACKER!$C$3:$C$1275,A4,TRACKER!$D$3:$D$1275,"IR",TRACKER!$G$3:$G$1275,"Passed")+COUNTIFS(TRACKER!$C$3:$C$1275,A4,TRACKER!$D$3:$D$1275,"IR",TRACKER!$G$3:$G$1275,"Accepted Exception"))/COUNTIFS(TRACKER!$C$3:$C$1275,A4,TRACKER!$D$3:$D$1275,"IR"),"") | J4: =IFERROR(1-(COUNTIFS(TRACKER!$C$3:$C$1275,A4,TRACKER!$D$3:$D$1275,"MA",TRACKER!$G$3:$G$1275,"Passed")+COUNTIFS(TRACKER!$C$3:$C$1275,A4,TRACKER!$D$3:$D$1275,"MA",TRACKER!$G$3:$G$1275,"Accepted Exception"))/COUNTIFS(TRACKER!$C$3:$C$1275,A4,TRACKER!$D$3:$D$1275,"MA"),"") | K4: =IFERROR(1-(COUNTIFS(TRACKER!$C$3:$C$1275,A4,TRACKER!$D$3:$D$1275,"MP",TRACKER!$G$3:$G$1275,"Passed")+COUNTIFS(TRACKER!$C$3:$C$1275,A4,TRACKER!$D$3:$D$1275,"MP",TRACKER!$G$3:$G$1275,"Accepted Exception"))/COUNTIFS(TRACKER!$C$3:$C$1275,A4,TRACKER!$D$3:$D$1275,"MP"),"") | L4: =IFERROR(1-(COUNTIFS(TRACKER!$C$3:$C$1275,A4,TRACKER!$D$3:$D$1275,"PE",TRACKER!$G$3:$G$1275,"Passed")+COUNTIFS(TRACKER!$C$3:$C$1275,A4,TRACKER!$D$3:$D$1275,"PE",TRACKER!$G$3:$G$1275,"Accepted Exception"))/COUNTIFS(TRACKER!$C$3:$C$1275,A4,TRACKER!$D$3:$D$1275,"PE"),"") | M4: =IFERROR(1-(COUNTIFS(TRACKER!$C$3:$C$1275,A4,TRACKER!$D$3:$D$1275,"PL",TRACKER!$G$3:$G$1275,"Passed")+COUNTIFS(TRACKER!$C$3:$C$1275,A4,TRACKER!$D$3:$D$1275,"PL",TRACKER!$G$3:$G$1275,"Accepted Exception"))/COUNTIFS(TRACKER!$C$3:$C$1275,A4,TRACKER!$D$3:$D$1275,"PL"),"") | N4: =IFERROR(1-(COUNTIFS(TRACKER!$C$3:$C$1275,A4,TRACKER!$D$3:$D$1275,"PS",TRACKER!$G$3:$G$1275,"Passed")+COUNTIFS(TRACKER!$C$3:$C$1275,A4,TRACKER!$D$3:$D$1275,"PS",TRACKER!$G$3:$G$1275,"Accepted Exception"))/COUNTIFS(TRACKER!$C$3:$C$1275,A4,TRACKER!$D$3:$D$1275,"PS"),"") | O4: =IFERROR(1-(COUNTIFS(TRACKER!$C$3:$C$1275,A4,TRACKER!$D$3:$D$1275,"RA",TRACKER!$G$3:$G$1275,"Passed")+COUNTIFS(TRACKER!$C$3:$C$1275,A4,TRACKER!$D$3:$D$1275,"RA",TRACKER!$G$3:$G$1275,"Accepted Exception"))/COUNTIFS(TRACKER!$C$3:$C$1275,A4,TRACKER!$D$3:$D$1275,"RA"),"") | P4: =IFERROR(1-(COUNTIFS(TRACKER!$C$3:$C$1275,A4,TRACKER!$D$3:$D$1275,"SA",TRACKER!$G$3:$G$1275,"Passed")+COUNTIFS(TRACKER!$C$3:$C$1275,A4,TRACKER!$D$3:$D$1275,"SA",TRACKER!$G$3:$G$1275,"Accepted Exception"))/COUNTIFS(TRACKER!$C$3:$C$1275,A4,TRACKER!$D$3:$D$1275,"SA"),"") | Q4: =IFERROR(1-(COUNTIFS(TRACKER!$C$3:$C$1275,A4,TRACKER!$D$3:$D$1275,"SC",TRACKER!$G$3:$G$1275,"Passed")+COUNTIFS(TRACKER!$C$3:$C$1275,A4,TRACKER!$D$3:$D$1275,"SC",TRACKER!$G$3:$G$1275,"Accepted Exception"))/COUNTIFS(TRACKER!$C$3:$C$1275,A4,TRACKER!$D$3:$D$1275,"SC"),"") | R4: =IFERROR(1-(COUNTIFS(TRACKER!$C$3:$C$1275,A4,TRACKER!$D$3:$D$1275,"SI",TRACKER!$G$3:$G$1275,"Passed")+COUNTIFS(TRACKER!$C$3:$C$1275,A4,TRACKER!$D$3:$D$1275,"SI",TRACKER!$G$3:$G$1275,"Accepted Exception"))/COUNTIFS(TRACKER!$C$3:$C$1275,A4,TRACKER!$D$3:$D$1275,"SI"),"")
A5: Containers | B5: =IFERROR(1-(COUNTIFS(TRACKER!$C$3:$C$1275,A5,TRACKER!$D$3:$D$1275,"AC",TRACKER!$G$3:$G$1275,"Passed")+COUNTIFS(TRACKER!$C$3:$C$1275,A5,TRACKER!$D$3:$D$1275,"AC",TRACKER!$G$3:$G$1275,"Accepted Exception"))/COUNTIFS(TRACKER!$C$3:$C$1275,A5,TRACKER!$D$3:$D$1275,"AC"),"") | C5: =IFERROR(1-(COUNTIFS(TRACKER!$C$3:$C$1275,A5,TRACKER!$D$3:$D$1275,"AT",TRACKER!$G$3:$G$1275,"Passed")+COUNTIFS(TRACKER!$C$3:$C$1275,A5,TRACKER!$D$3:$D$1275,"AT",TRACKER!$G$3:$G$1275,"Accepted Exception"))/COUNTIFS(TRACKER!$C$3:$C$1275,A5,TRACKER!$D$3:$D$1275,"AT"),"") | D5: =IFERROR(1-(COUNTIFS(TRACKER!$C$3:$C$1275,A5,TRACKER!$D$3:$D$1275,"AU",TRACKER!$G$3:$G$1275,"Passed")+COUNTIFS(TRACKER!$C$3:$C$1275,A5,TRACKER!$D$3:$D$1275,"AU",TRACKER!$G$3:$G$1275,"Accepted Exception"))/COUNTIFS(TRACKER!$C$3:$C$1275,A5,TRACKER!$D$3:$D$1275,"AU"),"") | E5: =IFERROR(1-(COUNTIFS(TRACKER!$C$3:$C$1275,A5,TRACKER!$D$3:$D$1275,"CA",TRACKER!$G$3:$G$1275,"Passed")+COUNTIFS(TRACKER!$C$3:$C$1275,A5,TRACKER!$D$3:$D$1275,"CA",TRACKER!$G$3:$G$1275,"Accepted Exception"))/COUNTIFS(TRACKER!$C$3:$C$1275,A5,TRACKER!$D$3:$D$1275,"CA"),"") | F5: =IFERROR(1-(COUNTIFS(TRACKER!$C$3:$C$1275,A5,TRACKER!$D$3:$D$1275,"CM",TRACKER!$G$3:$G$1275,"Passed")+COUNTIFS(TRACKER!$C$3:$C$1275,A5,TRACKER!$D$3:$D$1275,"CM",TRACKER!$G$3:$G$1275,"Accepted Exception"))/COUNTIFS(TRACKER!$C$3:$C$1275,A5,TRACKER!$D$3:$D$1275,"CM"),"") | G5: =IFERROR(1-(COUNTIFS(TRACKER!$C$3:$C$1275,A5,TRACKER!$D$3:$D$1275,"CP",TRACKER!$G$3:$G$1275,"Passed")+COUNTIFS(TRACKER!$C$3:$C$1275,A5,TRACKER!$D$3:$D$1275,"CP",TRACKER!$G$3:$G$1275,"Accepted Exception"))/COUNTIFS(TRACKER!$C$3:$C$1275,A5,TRACKER!$D$3:$D$1275,"CP"),"") | H5: =IFERROR(1-(COUNTIFS(TRACKER!$C$3:$C$1275,A5,TRACKER!$D$3:$D$1275,"IA",TRACKER!$G$3:$G$1275,"Passed")+COUNTIFS(TRACKER!$C$3:$C$1275,A5,TRACKER!$D$3:$D$1275,"IA",TRACKER!$G$3:$G$1275,"Accepted Exception"))/COUNTIFS(TRACKER!$C$3:$C$1275,A5,TRACKER!$D$3:$D$1275,"IA"),"") | I5: =IFERROR(1-(COUNTIFS(TRACKER!$C$3:$C$1275,A5,TRACKER!$D$3:$D$1275,"IR",TRACKER!$G$3:$G$1275,"Passed")+COUNTIFS(TRACKER!$C$3:$C$1275,A5,TRACKER!$D$3:$D$1275,"IR",TRACKER!$G$3:$G$1275,"Accepted Exception"))/COUNTIFS(TRACKER!$C$3:$C$1275,A5,TRACKER!$D$3:$D$1275,"IR"),"") | J5: =IFERROR(1-(COUNTIFS(TRACKER!$C$3:$C$1275,A5,TRACKER!$D$3:$D$1275,"MA",TRACKER!$G$3:$G$1275,"Passed")+COUNTIFS(TRACKER!$C$3:$C$1275,A5,TRACKER!$D$3:$D$1275,"MA",TRACKER!$G$3:$G$1275,"Accepted Exception"))/COUNTIFS(TRACKER!$C$3:$C$1275,A5,TRACKER!$D$3:$D$1275,"MA"),"") | K5: =IFERROR(1-(COUNTIFS(TRACKER!$C$3:$C$1275,A5,TRACKER!$D$3:$D$1275,"MP",TRACKER!$G$3:$G$1275,"Passed")+COUNTIFS(TRACKER!$C$3:$C$1275,A5,TRACKER!$D$3:$D$1275,"MP",TRACKER!$G$3:$G$1275,"Accepted Exception"))/COUNTIFS(TRACKER!$C$3:$C$1275,A5,TRACKER!$D$3:$D$1275,"MP"),"") | L5: =IFERROR(1-(COUNTIFS(TRACKER!$C$3:$C$1275,A5,TRACKER!$D$3:$D$1275,"PE",TRACKER!$G$3:$G$1275,"Passed")+COUNTIFS(TRACKER!$C$3:$C$1275,A5,TRACKER!$D$3:$D$1275,"PE",TRACKER!$G$3:$G$1275,"Accepted Exception"))/COUNTIFS(TRACKER!$C$3:$C$1275,A5,TRACKER!$D$3:$D$1275,"PE"),"") | M5: =IFERROR(1-(COUNTIFS(TRACKER!$C$3:$C$1275,A5,TRACKER!$D$3:$D$1275,"PL",TRACKER!$G$3:$G$1275,"Passed")+COUNTIFS(TRACKER!$C$3:$C$1275,A5,TRACKER!$D$3:$D$1275,"PL",TRACKER!$G$3:$G$1275,"Accepted Exception"))/COUNTIFS(TRACKER!$C$3:$C$1275,A5,TRACKER!$D$3:$D$1275,"PL"),"") | N5: =IFERROR(1-(COUNTIFS(TRACKER!$C$3:$C$1275,A5,TRACKER!$D$3:$D$1275,"PS",TRACKER!$G$3:$G$1275,"Passed")+COUNTIFS(TRACKER!$C$3:$C$1275,A5,TRACKER!$D$3:$D$1275,"PS",TRACKER!$G$3:$G$1275,"Accepted Exception"))/COUNTIFS(TRACKER!$C$3:$C$1275,A5,TRACKER!$D$3:$D$1275,"PS"),"") | O5: =IFERROR(1-(COUNTIFS(TRACKER!$C$3:$C$1275,A5,TRACKER!$D$3:$D$1275,"RA",TRACKER!$G$3:$G$1275,"Passed")+COUNTIFS(TRACKER!$C$3:$C$1275,A5,TRACKER!$D$3:$D$1275,"RA",TRACKER!$G$3:$G$1275,"Accepted Exception"))/COUNTIFS(TRACKER!$C$3:$C$1275,A5,TRACKER!$D$3:$D$1275,"RA"),"") | P5: =IFERROR(1-(COUNTIFS(TRACKER!$C$3:$C$1275,A5,TRACKER!$D$3:$D$1275,"SA",TRACKER!$G$3:$G$1275,"Passed")+COUNTIFS(TRACKER!$C$3:$C$1275,A5,TRACKER!$D$3:$D$1275,"SA",TRACKER!$G$3:$G$1275,"Accepted Exception"))/COUNTIFS(TRACKER!$C$3:$C$1275,A5,TRACKER!$D$3:$D$1275,"SA"),"") | Q5: =IFERROR(1-(COUNTIFS(TRACKER!$C$3:$C$1275,A5,TRACKER!$D$3:$D$1275,"SC",TRACKER!$G$3:$G$1275,"Passed")+COUNTIFS(TRACKER!$C$3:$C$1275,A5,TRACKER!$D$3:$D$1275,"SC",TRACKER!$G$3:$G$1275,"Accepted Exception"))/COUNTIFS(TRACKER!$C$3:$C$1275,A5,TRACKER!$D$3:$D$1275,"SC"),"") | R5: =IFERROR(1-(COUNTIFS(TRACKER!$C$3:$C$1275,A5,TRACKER!$D$3:$D$1275,"SI",TRACKER!$G$3:$G$1275,"Passed")+COUNTIFS(TRACKER!$C$3:$C$1275,A5,TRACKER!$D$3:$D$1275,"SI",TRACKER!$G$3:$G$1275,"Accepted Exception"))/COUNTIFS(TRACKER!$C$3:$C$1275,A5,TRACKER!$D$3:$D$1275,"SI"),"")
A6: Database | B6: =IFERROR(1-(COUNTIFS(TRACKER!$C$3:$C$1275,A6,TRACKER!$D$3:$D$1275,"AC",TRACKER!$G$3:$G$1275,"Passed")+COUNTIFS(TRACKER!$C$3:$C$1275,A6,TRACKER!$D$3:$D$1275,"AC",TRACKER!$G$3:$G$1275,"Accepted Exception"))/COUNTIFS(TRACKER!$C$3:$C$1275,A6,TRACKER!$D$3:$D$1275,"AC"),"") | C6: =IFERROR(1-(COUNTIFS(TRACKER!$C$3:$C$1275,A6,TRACKER!$D$3:$D$1275,"AT",TRACKER!$G$3:$G$1275,"Passed")+COUNTIFS(TRACKER!$C$3:$C$1275,A6,TRACKER!$D$3:$D$1275,"AT",TRACKER!$G$3:$G$1275,"Accepted Exception"))/COUNTIFS(TRACKER!$C$3:$C$1275,A6,TRACKER!$D$3:$D$1275,"AT"),"") | D6: =IFERROR(1-(COUNTIFS(TRACKER!$C$3:$C$1275,A6,TRACKER!$D$3:$D$1275,"AU",TRACKER!$G$3:$G$1275,"Passed")+COUNTIFS(TRACKER!$C$3:$C$1275,A6,TRACKER!$D$3:$D$1275,"AU",TRACKER!$G$3:$G$1275,"Accepted Exception"))/COUNTIFS(TRACKER!$C$3:$C$1275,A6,TRACKER!$D$3:$D$1275,"AU"),"") | E6: =IFERROR(1-(COUNTIFS(TRACKER!$C$3:$C$1275,A6,TRACKER!$D$3:$D$1275,"CA",TRACKER!$G$3:$G$1275,"Passed")+COUNTIFS(TRACKER!$C$3:$C$1275,A6,TRACKER!$D$3:$D$1275,"CA",TRACKER!$G$3:$G$1275,"Accepted Exception"))/COUNTIFS(TRACKER!$C$3:$C$1275,A6,TRACKER!$D$3:$D$1275,"CA"),"") | F6: =IFERROR(1-(COUNTIFS(TRACKER!$C$3:$C$1275,A6,TRACKER!$D$3:$D$1275,"CM",TRACKER!$G$3:$G$1275,"Passed")+COUNTIFS(TRACKER!$C$3:$C$1275,A6,TRACKER!$D$3:$D$1275,"CM",TRACKER!$G$3:$G$1275,"Accepted Exception"))/COUNTIFS(TRACKER!$C$3:$C$1275,A6,TRACKER!$D$3:$D$1275,"CM"),"") | G6: =IFERROR(1-(COUNTIFS(TRACKER!$C$3:$C$1275,A6,TRACKER!$D$3:$D$1275,"CP",TRACKER!$G$3:$G$1275,"Passed")+COUNTIFS(TRACKER!$C$3:$C$1275,A6,TRACKER!$D$3:$D$1275,"CP",TRACKER!$G$3:$G$1275,"Accepted Exception"))/COUNTIFS(TRACKER!$C$3:$C$1275,A6,TRACKER!$D$3:$D$1275,"CP"),"") | H6: =IFERROR(1-(COUNTIFS(TRACKER!$C$3:$C$1275,A6,TRACKER!$D$3:$D$1275,"IA",TRACKER!$G$3:$G$1275,"Passed")+COUNTIFS(TRACKER!$C$3:$C$1275,A6,TRACKER!$D$3:$D$1275,"IA",TRACKER!$G$3:$G$1275,"Accepted Exception"))/COUNTIFS(TRACKER!$C$3:$C$1275,A6,TRACKER!$D$3:$D$1275,"IA"),"") | I6: =IFERROR(1-(COUNTIFS(TRACKER!$C$3:$C$1275,A6,TRACKER!$D$3:$D$1275,"IR",TRACKER!$G$3:$G$1275,"Passed")+COUNTIFS(TRACKER!$C$3:$C$1275,A6,TRACKER!$D$3:$D$1275,"IR",TRACKER!$G$3:$G$1275,"Accepted Exception"))/COUNTIFS(TRACKER!$C$3:$C$1275,A6,TRACKER!$D$3:$D$1275,"IR"),"") | J6: =IFERROR(1-(COUNTIFS(TRACKER!$C$3:$C$1275,A6,TRACKER!$D$3:$D$1275,"MA",TRACKER!$G$3:$G$1275,"Passed")+COUNTIFS(TRACKER!$C$3:$C$1275,A6,TRACKER!$D$3:$D$1275,"MA",TRACKER!$G$3:$G$1275,"Accepted Exception"))/COUNTIFS(TRACKER!$C$3:$C$1275,A6,TRACKER!$D$3:$D$1275,"MA"),"") | K6: =IFERROR(1-(COUNTIFS(TRACKER!$C$3:$C$1275,A6,TRACKER!$D$3:$D$1275,"MP",TRACKER!$G$3:$G$1275,"Passed")+COUNTIFS(TRACKER!$C$3:$C$1275,A6,TRACKER!$D$3:$D$1275,"MP",TRACKER!$G$3:$G$1275,"Accepted Exception"))/COUNTIFS(TRACKER!$C$3:$C$1275,A6,TRACKER!$D$3:$D$1275,"MP"),"") | L6: =IFERROR(1-(COUNTIFS(TRACKER!$C$3:$C$1275,A6,TRACKER!$D$3:$D$1275,"PE",TRACKER!$G$3:$G$1275,"Passed")+COUNTIFS(TRACKER!$C$3:$C$1275,A6,TRACKER!$D$3:$D$1275,"PE",TRACKER!$G$3:$G$1275,"Accepted Exception"))/COUNTIFS(TRACKER!$C$3:$C$1275,A6,TRACKER!$D$3:$D$1275,"PE"),"") | M6: =IFERROR(1-(COUNTIFS(TRACKER!$C$3:$C$1275,A6,TRACKER!$D$3:$D$1275,"PL",TRACKER!$G$3:$G$1275,"Passed")+COUNTIFS(TRACKER!$C$3:$C$1275,A6,TRACKER!$D$3:$D$1275,"PL",TRACKER!$G$3:$G$1275,"Accepted Exception"))/COUNTIFS(TRACKER!$C$3:$C$1275,A6,TRACKER!$D$3:$D$1275,"PL"),"") | N6: =IFERROR(1-(COUNTIFS(TRACKER!$C$3:$C$1275,A6,TRACKER!$D$3:$D$1275,"PS",TRACKER!$G$3:$G$1275,"Passed")+COUNTIFS(TRACKER!$C$3:$C$1275,A6,TRACKER!$D$3:$D$1275,"PS",TRACKER!$G$3:$G$1275,"Accepted Exception"))/COUNTIFS(TRACKER!$C$3:$C$1275,A6,TRACKER!$D$3:$D$1275,"PS"),"") | O6: =IFERROR(1-(COUNTIFS(TRACKER!$C$3:$C$1275,A6,TRACKER!$D$3:$D$1275,"RA",TRACKER!$G$3:$G$1275,"Passed")+COUNTIFS(TRACKER!$C$3:$C$1275,A6,TRACKER!$D$3:$D$1275,"RA",TRACKER!$G$3:$G$1275,"Accepted Exception"))/COUNTIFS(TRACKER!$C$3:$C$1275,A6,TRACKER!$D$3:$D$1275,"RA"),"") | P6: =IFERROR(1-(COUNTIFS(TRACKER!$C$3:$C$1275,A6,TRACKER!$D$3:$D$1275,"SA",TRACKER!$G$3:$G$1275,"Passed")+COUNTIFS(TRACKER!$C$3:$C$1275,A6,TRACKER!$D$3:$D$1275,"SA",TRACKER!$G$3:$G$1275,"Accepted Exception"))/COUNTIFS(TRACKER!$C$3:$C$1275,A6,TRACKER!$D$3:$D$1275,"SA"),"") | Q6: =IFERROR(1-(COUNTIFS(TRACKER!$C$3:$C$1275,A6,TRACKER!$D$3:$D$1275,"SC",TRACKER!$G$3:$G$1275,"Passed")+COUNTIFS(TRACKER!$C$3:$C$1275,A6,TRACKER!$D$3:$D$1275,"SC",TRACKER!$G$3:$G$1275,"Accepted Exception"))/COUNTIFS(TRACKER!$C$3:$C$1275,A6,TRACKER!$D$3:$D$1275,"SC"),"") | R6: =IFERROR(1-(COUNTIFS(TRACKER!$C$3:$C$1275,A6,TRACKER!$D$3:$D$1275,"SI",TRACKER!$G$3:$G$1275,"Passed")+COUNTIFS(TRACKER!$C$3:$C$1275,A6,TRACKER!$D$3:$D$1275,"SI",TRACKER!$G$3:$G$1275,"Accepted Exception"))/COUNTIFS(TRACKER!$C$3:$C$1275,A6,TRACKER!$D$3:$D$1275,"SI"),"")
A7: DevOps | B7: =IFERROR(1-(COUNTIFS(TRACKER!$C$3:$C$1275,A7,TRACKER!$D$3:$D$1275,"AC",TRACKER!$G$3:$G$1275,"Passed")+COUNTIFS(TRACKER!$C$3:$C$1275,A7,TRACKER!$D$3:$D$1275,"AC",TRACKER!$G$3:$G$1275,"Accepted Exception"))/COUNTIFS(TRACKER!$C$3:$C$1275,A7,TRACKER!$D$3:$D$1275,"AC"),"") | C7: =IFERROR(1-(COUNTIFS(TRACKER!$C$3:$C$1275,A7,TRACKER!$D$3:$D$1275,"AT",TRACKER!$G$3:$G$1275,"Passed")+COUNTIFS(TRACKER!$C$3:$C$1275,A7,TRACKER!$D$3:$D$1275,"AT",TRACKER!$G$3:$G$1275,"Accepted Exception"))/COUNTIFS(TRACKER!$C$3:$C$1275,A7,TRACKER!$D$3:$D$1275,"AT"),"") | D7: =IFERROR(1-(COUNTIFS(TRACKER!$C$3:$C$1275,A7,TRACKER!$D$3:$D$1275,"AU",TRACKER!$G$3:$G$1275,"Passed")+COUNTIFS(TRACKER!$C$3:$C$1275,A7,TRACKER!$D$3:$D$1275,"AU",TRACKER!$G$3:$G$1275,"Accepted Exception"))/COUNTIFS(TRACKER!$C$3:$C$1275,A7,TRACKER!$D$3:$D$1275,"AU"),"") | E7: =IFERROR(1-(COUNTIFS(TRACKER!$C$3:$C$1275,A7,TRACKER!$D$3:$D$1275,"CA",TRACKER!$G$3:$G$1275,"Passed")+COUNTIFS(TRACKER!$C$3:$C$1275,A7,TRACKER!$D$3:$D$1275,"CA",TRACKER!$G$3:$G$1275,"Accepted Exception"))/COUNTIFS(TRACKER!$C$3:$C$1275,A7,TRACKER!$D$3:$D$1275,"CA"),"") | F7: =IFERROR(1-(COUNTIFS(TRACKER!$C$3:$C$1275,A7,TRACKER!$D$3:$D$1275,"CM",TRACKER!$G$3:$G$1275,"Passed")+COUNTIFS(TRACKER!$C$3:$C$1275,A7,TRACKER!$D$3:$D$1275,"CM",TRACKER!$G$3:$G$1275,"Accepted Exception"))/COUNTIFS(TRACKER!$C$3:$C$1275,A7,TRACKER!$D$3:$D$1275,"CM"),"") | G7: =IFERROR(1-(COUNTIFS(TRACKER!$C$3:$C$1275,A7,TRACKER!$D$3:$D$1275,"CP",TRACKER!$G$3:$G$1275,"Passed")+COUNTIFS(TRACKER!$C$3:$C$1275,A7,TRACKER!$D$3:$D$1275,"CP",TRACKER!$G$3:$G$1275,"Accepted Exception"))/COUNTIFS(TRACKER!$C$3:$C$1275,A7,TRACKER!$D$3:$D$1275,"CP"),"") | H7: =IFERROR(1-(COUNTIFS(TRACKER!$C$3:$C$1275,A7,TRACKER!$D$3:$D$1275,"IA",TRACKER!$G$3:$G$1275,"Passed")+COUNTIFS(TRACKER!$C$3:$C$1275,A7,TRACKER!$D$3:$D$1275,"IA",TRACKER!$G$3:$G$1275,"Accepted Exception"))/COUNTIFS(TRACKER!$C$3:$C$1275,A7,TRACKER!$D$3:$D$1275,"IA"),"") | I7: =IFERROR(1-(COUNTIFS(TRACKER!$C$3:$C$1275,A7,TRACKER!$D$3:$D$1275,"IR",TRACKER!$G$3:$G$1275,"Passed")+COUNTIFS(TRACKER!$C$3:$C$1275,A7,TRACKER!$D$3:$D$1275,"IR",TRACKER!$G$3:$G$1275,"Accepted Exception"))/COUNTIFS(TRACKER!$C$3:$C$1275,A7,TRACKER!$D$3:$D$1275,"IR"),"") | J7: =IFERROR(1-(COUNTIFS(TRACKER!$C$3:$C$1275,A7,TRACKER!$D$3:$D$1275,"MA",TRACKER!$G$3:$G$1275,"Passed")+COUNTIFS(TRACKER!$C$3:$C$1275,A7,TRACKER!$D$3:$D$1275,"MA",TRACKER!$G$3:$G$1275,"Accepted Exception"))/COUNTIFS(TRACKER!$C$3:$C$1275,A7,TRACKER!$D$3:$D$1275,"MA"),"") | K7: =IFERROR(1-(COUNTIFS(TRACKER!$C$3:$C$1275,A7,TRACKER!$D$3:$D$1275,"MP",TRACKER!$G$3:$G$1275,"Passed")+COUNTIFS(TRACKER!$C$3:$C$1275,A7,TRACKER!$D$3:$D$1275,"MP",TRACKER!$G$3:$G$1275,"Accepted Exception"))/COUNTIFS(TRACKER!$C$3:$C$1275,A7,TRACKER!$D$3:$D$1275,"MP"),"") | L7: =IFERROR(1-(COUNTIFS(TRACKER!$C$3:$C$1275,A7,TRACKER!$D$3:$D$1275,"PE",TRACKER!$G$3:$G$1275,"Passed")+COUNTIFS(TRACKER!$C$3:$C$1275,A7,TRACKER!$D$3:$D$1275,"PE",TRACKER!$G$3:$G$1275,"Accepted Exception"))/COUNTIFS(TRACKER!$C$3:$C$1275,A7,TRACKER!$D$3:$D$1275,"PE"),"") | M7: =IFERROR(1-(COUNTIFS(TRACKER!$C$3:$C$1275,A7,TRACKER!$D$3:$D$1275,"PL",TRACKER!$G$3:$G$1275,"Passed")+COUNTIFS(TRACKER!$C$3:$C$1275,A7,TRACKER!$D$3:$D$1275,"PL",TRACKER!$G$3:$G$1275,"Accepted Exception"))/COUNTIFS(TRACKER!$C$3:$C$1275,A7,TRACKER!$D$3:$D$1275,"PL"),"") | N7: =IFERROR(1-(COUNTIFS(TRACKER!$C$3:$C$1275,A7,TRACKER!$D$3:$D$1275,"PS",TRACKER!$G$3:$G$1275,"Passed")+COUNTIFS(TRACKER!$C$3:$C$1275,A7,TRACKER!$D$3:$D$1275,"PS",TRACKER!$G$3:$G$1275,"Accepted Exception"))/COUNTIFS(TRACKER!$C$3:$C$1275,A7,TRACKER!$D$3:$D$1275,"PS"),"") | O7: =IFERROR(1-(COUNTIFS(TRACKER!$C$3:$C$1275,A7,TRACKER!$D$3:$D$1275,"RA",TRACKER!$G$3:$G$1275,"Passed")+COUNTIFS(TRACKER!$C$3:$C$1275,A7,TRACKER!$D$3:$D$1275,"RA",TRACKER!$G$3:$G$1275,"Accepted Exception"))/COUNTIFS(TRACKER!$C$3:$C$1275,A7,TRACKER!$D$3:$D$1275,"RA"),"") | P7: =IFERROR(1-(COUNTIFS(TRACKER!$C$3:$C$1275,A7,TRACKER!$D$3:$D$1275,"SA",TRACKER!$G$3:$G$1275,"Passed")+COUNTIFS(TRACKER!$C$3:$C$1275,A7,TRACKER!$D$3:$D$1275,"SA",TRACKER!$G$3:$G$1275,"Accepted Exception"))/COUNTIFS(TRACKER!$C$3:$C$1275,A7,TRACKER!$D$3:$D$1275,"SA"),"") | Q7: =IFERROR(1-(COUNTIFS(TRACKER!$C$3:$C$1275,A7,TRACKER!$D$3:$D$1275,"SC",TRACKER!$G$3:$G$1275,"Passed")+COUNTIFS(TRACKER!$C$3:$C$1275,A7,TRACKER!$D$3:$D$1275,"SC",TRACKER!$G$3:$G$1275,"Accepted Exception"))/COUNTIFS(TRACKER!$C$3:$C$1275,A7,TRACKER!$D$3:$D$1275,"SC"),"") | R7: =IFERROR(1-(COUNTIFS(TRACKER!$C$3:$C$1275,A7,TRACKER!$D$3:$D$1275,"SI",TRACKER!$G$3:$G$1275,"Passed")+COUNTIFS(TRACKER!$C$3:$C$1275,A7,TRACKER!$D$3:$D$1275,"SI",TRACKER!$G$3:$G$1275,"Accepted Exception"))/COUNTIFS(TRACKER!$C$3:$C$1275,A7,TRACKER!$D$3:$D$1275,"SI"),"")
A8: Developer Tools | B8: =IFERROR(1-(COUNTIFS(TRACKER!$C$3:$C$1275,A8,TRACKER!$D$3:$D$1275,"AC",TRACKER!$G$3:$G$1275,"Passed")+COUNTIFS(TRACKER!$C$3:$C$1275,A8,TRACKER!$D$3:$D$1275,"AC",TRACKER!$G$3:$G$1275,"Accepted Exception"))/COUNTIFS(TRACKER!$C$3:$C$1275,A8,TRACKER!$D$3:$D$1275,"AC"),"") | C8: =IFERROR(1-(COUNTIFS(TRACKER!$C$3:$C$1275,A8,TRACKER!$D$3:$D$1275,"AT",TRACKER!$G$3:$G$1275,"Passed")+COUNTIFS(TRACKER!$C$3:$C$1275,A8,TRACKER!$D$3:$D$1275,"AT",TRACKER!$G$3:$G$1275,"Accepted Exception"))/COUNTIFS(TRACKER!$C$3:$C$1275,A8,TRACKER!$D$3:$D$1275,"AT"),"") | D8: =IFERROR(1-(COUNTIFS(TRACKER!$C$3:$C$1275,A8,TRACKER!$D$3:$D$1275,"AU",TRACKER!$G$3:$G$1275,"Passed")+COUNTIFS(TRACKER!$C$3:$C$1275,A8,TRACKER!$D$3:$D$1275,"AU",TRACKER!$G$3:$G$1275,"Accepted Exception"))/COUNTIFS(TRACKER!$C$3:$C$1275,A8,TRACKER!$D$3:$D$1275,"AU"),"") | E8: =IFERROR(1-(COUNTIFS(TRACKER!$C$3:$C$1275,A8,TRACKER!$D$3:$D$1275,"CA",TRACKER!$G$3:$G$1275,"Passed")+COUNTIFS(TRACKER!$C$3:$C$1275,A8,TRACKER!$D$3:$D$1275,"CA",TRACKER!$G$3:$G$1275,"Accepted Exception"))/COUNTIFS(TRACKER!$C$3:$C$1275,A8,TRACKER!$D$3:$D$1275,"CA"),"") | F8: =IFERROR(1-(COUNTIFS(TRACKER!$C$3:$C$1275,A8,TRACKER!$D$3:$D$1275,"CM",TRACKER!$G$3:$G$1275,"Passed")+COUNTIFS(TRACKER!$C$3:$C$1275,A8,TRACKER!$D$3:$D$1275,"CM",TRACKER!$G$3:$G$1275,"Accepted Exception"))/COUNTIFS(TRACKER!$C$3:$C$1275,A8,TRACKER!$D$3:$D$1275,"CM"),"") | G8: =IFERROR(1-(COUNTIFS(TRACKER!$C$3:$C$1275,A8,TRACKER!$D$3:$D$1275,"CP",TRACKER!$G$3:$G$1275,"Passed")+COUNTIFS(TRACKER!$C$3:$C$1275,A8,TRACKER!$D$3:$D$1275,"CP",TRACKER!$G$3:$G$1275,"Accepted Exception"))/COUNTIFS(TRACKER!$C$3:$C$1275,A8,TRACKER!$D$3:$D$1275,"CP"),"") | H8: =IFERROR(1-(COUNTIFS(TRACKER!$C$3:$C$1275,A8,TRACKER!$D$3:$D$1275,"IA",TRACKER!$G$3:$G$1275,"Passed")+COUNTIFS(TRACKER!$C$3:$C$1275,A8,TRACKER!$D$3:$D$1275,"IA",TRACKER!$G$3:$G$1275,"Accepted Exception"))/COUNTIFS(TRACKER!$C$3:$C$1275,A8,TRACKER!$D$3:$D$1275,"IA"),"") | I8: =IFERROR(1-(COUNTIFS(TRACKER!$C$3:$C$1275,A8,TRACKER!$D$3:$D$1275,"IR",TRACKER!$G$3:$G$1275,"Passed")+COUNTIFS(TRACKER!$C$3:$C$1275,A8,TRACKER!$D$3:$D$1275,"IR",TRACKER!$G$3:$G$1275,"Accepted Exception"))/COUNTIFS(TRACKER!$C$3:$C$1275,A8,TRACKER!$D$3:$D$1275,"IR"),"") | J8: =IFERROR(1-(COUNTIFS(TRACKER!$C$3:$C$1275,A8,TRACKER!$D$3:$D$1275,"MA",TRACKER!$G$3:$G$1275,"Passed")+COUNTIFS(TRACKER!$C$3:$C$1275,A8,TRACKER!$D$3:$D$1275,"MA",TRACKER!$G$3:$G$1275,"Accepted Exception"))/COUNTIFS(TRACKER!$C$3:$C$1275,A8,TRACKER!$D$3:$D$1275,"MA"),"") | K8: =IFERROR(1-(COUNTIFS(TRACKER!$C$3:$C$1275,A8,TRACKER!$D$3:$D$1275,"MP",TRACKER!$G$3:$G$1275,"Passed")+COUNTIFS(TRACKER!$C$3:$C$1275,A8,TRACKER!$D$3:$D$1275,"MP",TRACKER!$G$3:$G$1275,"Accepted Exception"))/COUNTIFS(TRACKER!$C$3:$C$1275,A8,TRACKER!$D$3:$D$1275,"MP"),"") | L8: =IFERROR(1-(COUNTIFS(TRACKER!$C$3:$C$1275,A8,TRACKER!$D$3:$D$1275,"PE",TRACKER!$G$3:$G$1275,"Passed")+COUNTIFS(TRACKER!$C$3:$C$1275,A8,TRACKER!$D$3:$D$1275,"PE",TRACKER!$G$3:$G$1275,"Accepted Exception"))/COUNTIFS(TRACKER!$C$3:$C$1275,A8,TRACKER!$D$3:$D$1275,"PE"),"") | M8: =IFERROR(1-(COUNTIFS(TRACKER!$C$3:$C$1275,A8,TRACKER!$D$3:$D$1275,"PL",TRACKER!$G$3:$G$1275,"Passed")+COUNTIFS(TRACKER!$C$3:$C$1275,A8,TRACKER!$D$3:$D$1275,"PL",TRACKER!$G$3:$G$1275,"Accepted Exception"))/COUNTIFS(TRACKER!$C$3:$C$1275,A8,TRACKER!$D$3:$D$1275,"PL"),"") | N8: =IFERROR(1-(COUNTIFS(TRACKER!$C$3:$C$1275,A8,TRACKER!$D$3:$D$1275,"PS",TRACKER!$G$3:$G$1275,"Passed")+COUNTIFS(TRACKER!$C$3:$C$1275,A8,TRACKER!$D$3:$D$1275,"PS",TRACKER!$G$3:$G$1275,"Accepted Exception"))/COUNTIFS(TRACKER!$C$3:$C$1275,A8,TRACKER!$D$3:$D$1275,"PS"),"") | O8: =IFERROR(1-(COUNTIFS(TRACKER!$C$3:$C$1275,A8,TRACKER!$D$3:$D$1275,"RA",TRACKER!$G$3:$G$1275,"Passed")+COUNTIFS(TRACKER!$C$3:$C$1275,A8,TRACKER!$D$3:$D$1275,"RA",TRACKER!$G$3:$G$1275,"Accepted Exception"))/COUNTIFS(TRACKER!$C$3:$C$1275,A8,TRACKER!$D$3:$D$1275,"RA"),"") | P8: =IFERROR(1-(COUNTIFS(TRACKER!$C$3:$C$1275,A8,TRACKER!$D$3:$D$1275,"SA",TRACKER!$G$3:$G$1275,"Passed")+COUNTIFS(TRACKER!$C$3:$C$1275,A8,TRACKER!$D$3:$D$1275,"SA",TRACKER!$G$3:$G$1275,"Accepted Exception"))/COUNTIFS(TRACKER!$C$3:$C$1275,A8,TRACKER!$D$3:$D$1275,"SA"),"") | Q8: =IFERROR(1-(COUNTIFS(TRACKER!$C$3:$C$1275,A8,TRACKER!$D$3:$D$1275,"SC",TRACKER!$G$3:$G$1275,"Passed")+COUNTIFS(TRACKER!$C$3:$C$1275,A8,TRACKER!$D$3:$D$1275,"SC",TRACKER!$G$3:$G$1275,"Accepted Exception"))/COUNTIFS(TRACKER!$C$3:$C$1275,A8,TRACKER!$D$3:$D$1275,"SC"),"") | R8: =IFERROR(1-(COUNTIFS(TRACKER!$C$3:$C$1275,A8,TRACKER!$D$3:$D$1275,"SI",TRACKER!$G$3:$G$1275,"Passed")+COUNTIFS(TRACKER!$C$3:$C$1275,A8,TRACKER!$D$3:$D$1275,"SI",TRACKER!$G$3:$G$1275,"Accepted Exception"))/COUNTIFS(TRACKER!$C$3:$C$1275,A8,TRACKER!$D$3:$D$1275,"SI"),"")
A9: Documentation | B9: =IFERROR(1-(COUNTIFS(TRACKER!$C$3:$C$1275,A9,TRACKER!$D$3:$D$1275,"AC",TRACKER!$G$3:$G$1275,"Passed")+COUNTIFS(TRACKER!$C$3:$C$1275,A9,TRACKER!$D$3:$D$1275,"AC",TRACKER!$G$3:$G$1275,"Accepted Exception"))/COUNTIFS(TRACKER!$C$3:$C$1275,A9,TRACKER!$D$3:$D$1275,"AC"),"") | C9: =IFERROR(1-(COUNTIFS(TRACKER!$C$3:$C$1275,A9,TRACKER!$D$3:$D$1275,"AT",TRACKER!$G$3:$G$1275,"Passed")+COUNTIFS(TRACKER!$C$3:$C$1275,A9,TRACKER!$D$3:$D$1275,"AT",TRACKER!$G$3:$G$1275,"Accepted Exception"))/COUNTIFS(TRACKER!$C$3:$C$1275,A9,TRACKER!$D$3:$D$1275,"AT"),"") | D9: =IFERROR(1-(COUNTIFS(TRACKER!$C$3:$C$1275,A9,TRACKER!$D$3:$D$1275,"AU",TRACKER!$G$3:$G$1275,"Passed")+COUNTIFS(TRACKER!$C$3:$C$1275,A9,TRACKER!$D$3:$D$1275,"AU",TRACKER!$G$3:$G$1275,"Accepted Exception"))/COUNTIFS(TRACKER!$C$3:$C$1275,A9,TRACKER!$D$3:$D$1275,"AU"),"") | E9: =IFERROR(1-(COUNTIFS(TRACKER!$C$3:$C$1275,A9,TRACKER!$D$3:$D$1275,"CA",TRACKER!$G$3:$G$1275,"Passed")+COUNTIFS(TRACKER!$C$3:$C$1275,A9,TRACKER!$D$3:$D$1275,"CA",TRACKER!$G$3:$G$1275,"Accepted Exception"))/COUNTIFS(TRACKER!$C$3:$C$1275,A9,TRACKER!$D$3:$D$1275,"CA"),"") | F9: =IFERROR(1-(COUNTIFS(TRACKER!$C$3:$C$1275,A9,TRACKER!$D$3:$D$1275,"CM",TRACKER!$G$3:$G$1275,"Passed")+COUNTIFS(TRACKER!$C$3:$C$1275,A9,TRACKER!$D$3:$D$1275,"CM",TRACKER!$G$3:$G$1275,"Accepted Exception"))/COUNTIFS(TRACKER!$C$3:$C$1275,A9,TRACKER!$D$3:$D$1275,"CM"),"") | G9: =IFERROR(1-(COUNTIFS(TRACKER!$C$3:$C$1275,A9,TRACKER!$D$3:$D$1275,"CP",TRACKER!$G$3:$G$1275,"Passed")+COUNTIFS(TRACKER!$C$3:$C$1275,A9,TRACKER!$D$3:$D$1275,"CP",TRACKER!$G$3:$G$1275,"Accepted Exception"))/COUNTIFS(TRACKER!$C$3:$C$1275,A9,TRACKER!$D$3:$D$1275,"CP"),"") | H9: =IFERROR(1-(COUNTIFS(TRACKER!$C$3:$C$1275,A9,TRACKER!$D$3:$D$1275,"IA",TRACKER!$G$3:$G$1275,"Passed")+COUNTIFS(TRACKER!$C$3:$C$1275,A9,TRACKER!$D$3:$D$1275,"IA",TRACKER!$G$3:$G$1275,"Accepted Exception"))/COUNTIFS(TRACKER!$C$3:$C$1275,A9,TRACKER!$D$3:$D$1275,"IA"),"") | I9: =IFERROR(1-(COUNTIFS(TRACKER!$C$3:$C$1275,A9,TRACKER!$D$3:$D$1275,"IR",TRACKER!$G$3:$G$1275,"Passed")+COUNTIFS(TRACKER!$C$3:$C$1275,A9,TRACKER!$D$3:$D$1275,"IR",TRACKER!$G$3:$G$1275,"Accepted Exception"))/COUNTIFS(TRACKER!$C$3:$C$1275,A9,TRACKER!$D$3:$D$1275,"IR"),"") | J9: =IFERROR(1-(COUNTIFS(TRACKER!$C$3:$C$1275,A9,TRACKER!$D$3:$D$1275,"MA",TRACKER!$G$3:$G$1275,"Passed")+COUNTIFS(TRACKER!$C$3:$C$1275,A9,TRACKER!$D$3:$D$1275,"MA",TRACKER!$G$3:$G$1275,"Accepted Exception"))/COUNTIFS(TRACKER!$C$3:$C$1275,A9,TRACKER!$D$3:$D$1275,"MA"),"") | K9: =IFERROR(1-(COUNTIFS(TRACKER!$C$3:$C$1275,A9,TRACKER!$D$3:$D$1275,"MP",TRACKER!$G$3:$G$1275,"Passed")+COUNTIFS(TRACKER!$C$3:$C$1275,A9,TRACKER!$D$3:$D$1275,"MP",TRACKER!$G$3:$G$1275,"Accepted Exception"))/COUNTIFS(TRACKER!$C$3:$C$1275,A9,TRACKER!$D$3:$D$1275,"MP"),"") | L9: =IFERROR(1-(COUNTIFS(TRACKER!$C$3:$C$1275,A9,TRACKER!$D$3:$D$1275,"PE",TRACKER!$G$3:$G$1275,"Passed")+COUNTIFS(TRACKER!$C$3:$C$1275,A9,TRACKER!$D$3:$D$1275,"PE",TRACKER!$G$3:$G$1275,"Accepted Exception"))/COUNTIFS(TRACKER!$C$3:$C$1275,A9,TRACKER!$D$3:$D$1275,"PE"),"") | M9: =IFERROR(1-(COUNTIFS(TRACKER!$C$3:$C$1275,A9,TRACKER!$D$3:$D$1275,"PL",TRACKER!$G$3:$G$1275,"Passed")+COUNTIFS(TRACKER!$C$3:$C$1275,A9,TRACKER!$D$3:$D$1275,"PL",TRACKER!$G$3:$G$1275,"Accepted Exception"))/COUNTIFS(TRACKER!$C$3:$C$1275,A9,TRACKER!$D$3:$D$1275,"PL"),"") | N9: =IFERROR(1-(COUNTIFS(TRACKER!$C$3:$C$1275,A9,TRACKER!$D$3:$D$1275,"PS",TRACKER!$G$3:$G$1275,"Passed")+COUNTIFS(TRACKER!$C$3:$C$1275,A9,TRACKER!$D$3:$D$1275,"PS",TRACKER!$G$3:$G$1275,"Accepted Exception"))/COUNTIFS(TRACKER!$C$3:$C$1275,A9,TRACKER!$D$3:$D$1275,"PS"),"") | O9: =IFERROR(1-(COUNTIFS(TRACKER!$C$3:$C$1275,A9,TRACKER!$D$3:$D$1275,"RA",TRACKER!$G$3:$G$1275,"Passed")+COUNTIFS(TRACKER!$C$3:$C$1275,A9,TRACKER!$D$3:$D$1275,"RA",TRACKER!$G$3:$G$1275,"Accepted Exception"))/COUNTIFS(TRACKER!$C$3:$C$1275,A9,TRACKER!$D$3:$D$1275,"RA"),"") | P9: =IFERROR(1-(COUNTIFS(TRACKER!$C$3:$C$1275,A9,TRACKER!$D$3:$D$1275,"SA",TRACKER!$G$3:$G$1275,"Passed")+COUNTIFS(TRACKER!$C$3:$C$1275,A9,TRACKER!$D$3:$D$1275,"SA",TRACKER!$G$3:$G$1275,"Accepted Exception"))/COUNTIFS(TRACKER!$C$3:$C$1275,A9,TRACKER!$D$3:$D$1275,"SA"),"") | Q9: =IFERROR(1-(COUNTIFS(TRACKER!$C$3:$C$1275,A9,TRACKER!$D$3:$D$1275,"SC",TRACKER!$G$3:$G$1275,"Passed")+COUNTIFS(TRACKER!$C$3:$C$1275,A9,TRACKER!$D$3:$D$1275,"SC",TRACKER!$G$3:$G$1275,"Accepted Exception"))/COUNTIFS(TRACKER!$C$3:$C$1275,A9,TRACKER!$D$3:$D$1275,"SC"),"") | R9: =IFERROR(1-(COUNTIFS(TRACKER!$C$3:$C$1275,A9,TRACKER!$D$3:$D$1275,"SI",TRACKER!$G$3:$G$1275,"Passed")+COUNTIFS(TRACKER!$C$3:$C$1275,A9,TRACKER!$D$3:$D$1275,"SI",TRACKER!$G$3:$G$1275,"Accepted Exception"))/COUNTIFS(TRACKER!$C$3:$C$1275,A9,TRACKER!$D$3:$D$1275,"SI"),"")
A10: Hybrid + Multicloud | B10: =IFERROR(1-(COUNTIFS(TRACKER!$C$3:$C$1275,A10,TRACKER!$D$3:$D$1275,"AC",TRACKER!$G$3:$G$1275,"Passed")+COUNTIFS(TRACKER!$C$3:$C$1275,A10,TRACKER!$D$3:$D$1275,"AC",TRACKER!$G$3:$G$1275,"Accepted Exception"))/COUNTIFS(TRACKER!$C$3:$C$1275,A10,TRACKER!$D$3:$D$1275,"AC"),"") | C10: =IFERROR(1-(COUNTIFS(TRACKER!$C$3:$C$1275,A10,TRACKER!$D$3:$D$1275,"AT",TRACKER!$G$3:$G$1275,"Passed")+COUNTIFS(TRACKER!$C$3:$C$1275,A10,TRACKER!$D$3:$D$1275,"AT",TRACKER!$G$3:$G$1275,"Accepted Exception"))/COUNTIFS(TRACKER!$C$3:$C$1275,A10,TRACKER!$D$3:$D$1275,"AT"),"") | D10: =IFERROR(1-(COUNTIFS(TRACKER!$C$3:$C$1275,A10,TRACKER!$D$3:$D$1275,"AU",TRACKER!$G$3:$G$1275,"Passed")+COUNTIFS(TRACKER!$C$3:$C$1275,A10,TRACKER!$D$3:$D$1275,"AU",TRACKER!$G$3:$G$1275,"Accepted Exception"))/COUNTIFS(TRACKER!$C$3:$C$1275,A10,TRACKER!$D$3:$D$1275,"AU"),"") | E10: =IFERROR(1-(COUNTIFS(TRACKER!$C$3:$C$1275,A10,TRACKER!$D$3:$D$1275,"CA",TRACKER!$G$3:$G$1275,"Passed")+COUNTIFS(TRACKER!$C$3:$C$1275,A10,TRACKER!$D$3:$D$1275,"CA",TRACKER!$G$3:$G$1275,"Accepted Exception"))/COUNTIFS(TRACKER!$C$3:$C$1275,A10,TRACKER!$D$3:$D$1275,"CA"),"") | F10: =IFERROR(1-(COUNTIFS(TRACKER!$C$3:$C$1275,A10,TRACKER!$D$3:$D$1275,"CM",TRACKER!$G$3:$G$1275,"Passed")+COUNTIFS(TRACKER!$C$3:$C$1275,A10,TRACKER!$D$3:$D$1275,"CM",TRACKER!$G$3:$G$1275,"Accepted Exception"))/COUNTIFS(TRACKER!$C$3:$C$1275,A10,TRACKER!$D$3:$D$1275,"CM"),"") | G10: =IFERROR(1-(COUNTIFS(TRACKER!$C$3:$C$1275,A10,TRACKER!$D$3:$D$1275,"CP",TRACKER!$G$3:$G$1275,"Passed")+COUNTIFS(TRACKER!$C$3:$C$1275,A10,TRACKER!$D$3:$D$1275,"CP",TRACKER!$G$3:$G$1275,"Accepted Exception"))/COUNTIFS(TRACKER!$C$3:$C$1275,A10,TRACKER!$D$3:$D$1275,"CP"),"") | H10: =IFERROR(1-(COUNTIFS(TRACKER!$C$3:$C$1275,A10,TRACKER!$D$3:$D$1275,"IA",TRACKER!$G$3:$G$1275,"Passed")+COUNTIFS(TRACKER!$C$3:$C$1275,A10,TRACKER!$D$3:$D$1275,"IA",TRACKER!$G$3:$G$1275,"Accepted Exception"))/COUNTIFS(TRACKER!$C$3:$C$1275,A10,TRACKER!$D$3:$D$1275,"IA"),"") | I10: =IFERROR(1-(COUNTIFS(TRACKER!$C$3:$C$1275,A10,TRACKER!$D$3:$D$1275,"IR",TRACKER!$G$3:$G$1275,"Passed")+COUNTIFS(TRACKER!$C$3:$C$1275,A10,TRACKER!$D$3:$D$1275,"IR",TRACKER!$G$3:$G$1275,"Accepted Exception"))/COUNTIFS(TRACKER!$C$3:$C$1275,A10,TRACKER!$D$3:$D$1275,"IR"),"") | J10: =IFERROR(1-(COUNTIFS(TRACKER!$C$3:$C$1275,A10,TRACKER!$D$3:$D$1275,"MA",TRACKER!$G$3:$G$1275,"Passed")+COUNTIFS(TRACKER!$C$3:$C$1275,A10,TRACKER!$D$3:$D$1275,"MA",TRACKER!$G$3:$G$1275,"Accepted Exception"))/COUNTIFS(TRACKER!$C$3:$C$1275,A10,TRACKER!$D$3:$D$1275,"MA"),"") | K10: =IFERROR(1-(COUNTIFS(TRACKER!$C$3:$C$1275,A10,TRACKER!$D$3:$D$1275,"MP",TRACKER!$G$3:$G$1275,"Passed")+COUNTIFS(TRACKER!$C$3:$C$1275,A10,TRACKER!$D$3:$D$1275,"MP",TRACKER!$G$3:$G$1275,"Accepted Exception"))/COUNTIFS(TRACKER!$C$3:$C$1275,A10,TRACKER!$D$3:$D$1275,"MP"),"") | L10: =IFERROR(1-(COUNTIFS(TRACKER!$C$3:$C$1275,A10,TRACKER!$D$3:$D$1275,"PE",TRACKER!$G$3:$G$1275,"Passed")+COUNTIFS(TRACKER!$C$3:$C$1275,A10,TRACKER!$D$3:$D$1275,"PE",TRACKER!$G$3:$G$1275,"Accepted Exception"))/COUNTIFS(TRACKER!$C$3:$C$1275,A10,TRACKER!$D$3:$D$1275,"PE"),"") | M10: =IFERROR(1-(COUNTIFS(TRACKER!$C$3:$C$1275,A10,TRACKER!$D$3:$D$1275,"PL",TRACKER!$G$3:$G$1275,"Passed")+COUNTIFS(TRACKER!$C$3:$C$1275,A10,TRACKER!$D$3:$D$1275,"PL",TRACKER!$G$3:$G$1275,"Accepted Exception"))/COUNTIFS(TRACKER!$C$3:$C$1275,A10,TRACKER!$D$3:$D$1275,"PL"),"") | N10: =IFERROR(1-(COUNTIFS(TRACKER!$C$3:$C$1275,A10,TRACKER!$D$3:$D$1275,"PS",TRACKER!$G$3:$G$1275,"Passed")+COUNTIFS(TRACKER!$C$3:$C$1275,A10,TRACKER!$D$3:$D$1275,"PS",TRACKER!$G$3:$G$1275,"Accepted Exception"))/COUNTIFS(TRACKER!$C$3:$C$1275,A10,TRACKER!$D$3:$D$1275,"PS"),"") | O10: =IFERROR(1-(COUNTIFS(TRACKER!$C$3:$C$1275,A10,TRACKER!$D$3:$D$1275,"RA",TRACKER!$G$3:$G$1275,"Passed")+COUNTIFS(TRACKER!$C$3:$C$1275,A10,TRACKER!$D$3:$D$1275,"RA",TRACKER!$G$3:$G$1275,"Accepted Exception"))/COUNTIFS(TRACKER!$C$3:$C$1275,A10,TRACKER!$D$3:$D$1275,"RA"),"") | P10: =IFERROR(1-(COUNTIFS(TRACKER!$C$3:$C$1275,A10,TRACKER!$D$3:$D$1275,"SA",TRACKER!$G$3:$G$1275,"Passed")+COUNTIFS(TRACKER!$C$3:$C$1275,A10,TRACKER!$D$3:$D$1275,"SA",TRACKER!$G$3:$G$1275,"Accepted Exception"))/COUNTIFS(TRACKER!$C$3:$C$1275,A10,TRACKER!$D$3:$D$1275,"SA"),"") | Q10: =IFERROR(1-(COUNTIFS(TRACKER!$C$3:$C$1275,A10,TRACKER!$D$3:$D$1275,"SC",TRACKER!$G$3:$G$1275,"Passed")+COUNTIFS(TRACKER!$C$3:$C$1275,A10,TRACKER!$D$3:$D$1275,"SC",TRACKER!$G$3:$G$1275,"Accepted Exception"))/COUNTIFS(TRACKER!$C$3:$C$1275,A10,TRACKER!$D$3:$D$1275,"SC"),"") | R10: =IFERROR(1-(COUNTIFS(TRACKER!$C$3:$C$1275,A10,TRACKER!$D$3:$D$1275,"SI",TRACKER!$G$3:$G$1275,"Passed")+COUNTIFS(TRACKER!$C$3:$C$1275,A10,TRACKER!$D$3:$D$1275,"SI",TRACKER!$G$3:$G$1275,"Accepted Exception"))/COUNTIFS(TRACKER!$C$3:$C$1275,A10,TRACKER!$D$3:$D$1275,"SI"),"")
A11: Identity | B11: =IFERROR(1-(COUNTIFS(TRACKER!$C$3:$C$1275,A11,TRACKER!$D$3:$D$1275,"AC",TRACKER!$G$3:$G$1275,"Passed")+COUNTIFS(TRACKER!$C$3:$C$1275,A11,TRACKER!$D$3:$D$1275,"AC",TRACKER!$G$3:$G$1275,"Accepted Exception"))/COUNTIFS(TRACKER!$C$3:$C$1275,A11,TRACKER!$D$3:$D$1275,"AC"),"") | C11: =IFERROR(1-(COUNTIFS(TRACKER!$C$3:$C$1275,A11,TRACKER!$D$3:$D$1275,"AT",TRACKER!$G$3:$G$1275,"Passed")+COUNTIFS(TRACKER!$C$3:$C$1275,A11,TRACKER!$D$3:$D$1275,"AT",TRACKER!$G$3:$G$1275,"Accepted Exception"))/COUNTIFS(TRACKER!$C$3:$C$1275,A11,TRACKER!$D$3:$D$1275,"AT"),"") | D11: =IFERROR(1-(COUNTIFS(TRACKER!$C$3:$C$1275,A11,TRACKER!$D$3:$D$1275,"AU",TRACKER!$G$3:$G$1275,"Passed")+COUNTIFS(TRACKER!$C$3:$C$1275,A11,TRACKER!$D$3:$D$1275,"AU",TRACKER!$G$3:$G$1275,"Accepted Exception"))/COUNTIFS(TRACKER!$C$3:$C$1275,A11,TRACKER!$D$3:$D$1275,"AU"),"") | E11: =IFERROR(1-(COUNTIFS(TRACKER!$C$3:$C$1275,A11,TRACKER!$D$3:$D$1275,"CA",TRACKER!$G$3:$G$1275,"Passed")+COUNTIFS(TRACKER!$C$3:$C$1275,A11,TRACKER!$D$3:$D$1275,"CA",TRACKER!$G$3:$G$1275,"Accepted Exception"))/COUNTIFS(TRACKER!$C$3:$C$1275,A11,TRACKER!$D$3:$D$1275,"CA"),"") | F11: =IFERROR(1-(COUNTIFS(TRACKER!$C$3:$C$1275,A11,TRACKER!$D$3:$D$1275,"CM",TRACKER!$G$3:$G$1275,"Passed")+COUNTIFS(TRACKER!$C$3:$C$1275,A11,TRACKER!$D$3:$D$1275,"CM",TRACKER!$G$3:$G$1275,"Accepted Exception"))/COUNTIFS(TRACKER!$C$3:$C$1275,A11,TRACKER!$D$3:$D$1275,"CM"),"") | G11: =IFERROR(1-(COUNTIFS(TRACKER!$C$3:$C$1275,A11,TRACKER!$D$3:$D$1275,"CP",TRACKER!$G$3:$G$1275,"Passed")+COUNTIFS(TRACKER!$C$3:$C$1275,A11,TRACKER!$D$3:$D$1275,"CP",TRACKER!$G$3:$G$1275,"Accepted Exception"))/COUNTIFS(TRACKER!$C$3:$C$1275,A11,TRACKER!$D$3:$D$1275,"CP"),"") | H11: =IFERROR(1-(COUNTIFS(TRACKER!$C$3:$C$1275,A11,TRACKER!$D$3:$D$1275,"IA",TRACKER!$G$3:$G$1275,"Passed")+COUNTIFS(TRACKER!$C$3:$C$1275,A11,TRACKER!$D$3:$D$1275,"IA",TRACKER!$G$3:$G$1275,"Accepted Exception"))/COUNTIFS(TRACKER!$C$3:$C$1275,A11,TRACKER!$D$3:$D$1275,"IA"),"") | I11: =IFERROR(1-(COUNTIFS(TRACKER!$C$3:$C$1275,A11,TRACKER!$D$3:$D$1275,"IR",TRACKER!$G$3:$G$1275,"Passed")+COUNTIFS(TRACKER!$C$3:$C$1275,A11,TRACKER!$D$3:$D$1275,"IR",TRACKER!$G$3:$G$1275,"Accepted Exception"))/COUNTIFS(TRACKER!$C$3:$C$1275,A11,TRACKER!$D$3:$D$1275,"IR"),"") | J11: =IFERROR(1-(COUNTIFS(TRACKER!$C$3:$C$1275,A11,TRACKER!$D$3:$D$1275,"MA",TRACKER!$G$3:$G$1275,"Passed")+COUNTIFS(TRACKER!$C$3:$C$1275,A11,TRACKER!$D$3:$D$1275,"MA",TRACKER!$G$3:$G$1275,"Accepted Exception"))/COUNTIFS(TRACKER!$C$3:$C$1275,A11,TRACKER!$D$3:$D$1275,"MA"),"") | K11: =IFERROR(1-(COUNTIFS(TRACKER!$C$3:$C$1275,A11,TRACKER!$D$3:$D$1275,"MP",TRACKER!$G$3:$G$1275,"Passed")+COUNTIFS(TRACKER!$C$3:$C$1275,A11,TRACKER!$D$3:$D$1275,"MP",TRACKER!$G$3:$G$1275,"Accepted Exception"))/COUNTIFS(TRACKER!$C$3:$C$1275,A11,TRACKER!$D$3:$D$1275,"MP"),"") | L11: =IFERROR(1-(COUNTIFS(TRACKER!$C$3:$C$1275,A11,TRACKER!$D$3:$D$1275,"PE",TRACKER!$G$3:$G$1275,"Passed")+COUNTIFS(TRACKER!$C$3:$C$1275,A11,TRACKER!$D$3:$D$1275,"PE",TRACKER!$G$3:$G$1275,"Accepted Exception"))/COUNTIFS(TRACKER!$C$3:$C$1275,A11,TRACKER!$D$3:$D$1275,"PE"),"") | M11: =IFERROR(1-(COUNTIFS(TRACKER!$C$3:$C$1275,A11,TRACKER!$D$3:$D$1275,"PL",TRACKER!$G$3:$G$1275,"Passed")+COUNTIFS(TRACKER!$C$3:$C$1275,A11,TRACKER!$D$3:$D$1275,"PL",TRACKER!$G$3:$G$1275,"Accepted Exception"))/COUNTIFS(TRACKER!$C$3:$C$1275,A11,TRACKER!$D$3:$D$1275,"PL"),"") | N11: =IFERROR(1-(COUNTIFS(TRACKER!$C$3:$C$1275,A11,TRACKER!$D$3:$D$1275,"PS",TRACKER!$G$3:$G$1275,"Passed")+COUNTIFS(TRACKER!$C$3:$C$1275,A11,TRACKER!$D$3:$D$1275,"PS",TRACKER!$G$3:$G$1275,"Accepted Exception"))/COUNTIFS(TRACKER!$C$3:$C$1275,A11,TRACKER!$D$3:$D$1275,"PS"),"") | O11: =IFERROR(1-(COUNTIFS(TRACKER!$C$3:$C$1275,A11,TRACKER!$D$3:$D$1275,"RA",TRACKER!$G$3:$G$1275,"Passed")+COUNTIFS(TRACKER!$C$3:$C$1275,A11,TRACKER!$D$3:$D$1275,"RA",TRACKER!$G$3:$G$1275,"Accepted Exception"))/COUNTIFS(TRACKER!$C$3:$C$1275,A11,TRACKER!$D$3:$D$1275,"RA"),"") | P11: =IFERROR(1-(COUNTIFS(TRACKER!$C$3:$C$1275,A11,TRACKER!$D$3:$D$1275,"SA",TRACKER!$G$3:$G$1275,"Passed")+COUNTIFS(TRACKER!$C$3:$C$1275,A11,TRACKER!$D$3:$D$1275,"SA",TRACKER!$G$3:$G$1275,"Accepted Exception"))/COUNTIFS(TRACKER!$C$3:$C$1275,A11,TRACKER!$D$3:$D$1275,"SA"),"") | Q11: =IFERROR(1-(COUNTIFS(TRACKER!$C$3:$C$1275,A11,TRACKER!$D$3:$D$1275,"SC",TRACKER!$G$3:$G$1275,"Passed")+COUNTIFS(TRACKER!$C$3:$C$1275,A11,TRACKER!$D$3:$D$1275,"SC",TRACKER!$G$3:$G$1275,"Accepted Exception"))/COUNTIFS(TRACKER!$C$3:$C$1275,A11,TRACKER!$D$3:$D$1275,"SC"),"") | R11: =IFERROR(1-(COUNTIFS(TRACKER!$C$3:$C$1275,A11,TRACKER!$D$3:$D$1275,"SI",TRACKER!$G$3:$G$1275,"Passed")+COUNTIFS(TRACKER!$C$3:$C$1275,A11,TRACKER!$D$3:$D$1275,"SI",TRACKER!$G$3:$G$1275,"Accepted Exception"))/COUNTIFS(TRACKER!$C$3:$C$1275,A11,TRACKER!$D$3:$D$1275,"SI"),"")
A12: Management and Governance | B12: =IFERROR(1-(COUNTIFS(TRACKER!$C$3:$C$1275,A12,TRACKER!$D$3:$D$1275,"AC",TRACKER!$G$3:$G$1275,"Passed")+COUNTIFS(TRACKER!$C$3:$C$1275,A12,TRACKER!$D$3:$D$1275,"AC",TRACKER!$G$3:$G$1275,"Accepted Exception"))/COUNTIFS(TRACKER!$C$3:$C$1275,A12,TRACKER!$D$3:$D$1275,"AC"),"") | C12: =IFERROR(1-(COUNTIFS(TRACKER!$C$3:$C$1275,A12,TRACKER!$D$3:$D$1275,"AT",TRACKER!$G$3:$G$1275,"Passed")+COUNTIFS(TRACKER!$C$3:$C$1275,A12,TRACKER!$D$3:$D$1275,"AT",TRACKER!$G$3:$G$1275,"Accepted Exception"))/COUNTIFS(TRACKER!$C$3:$C$1275,A12,TRACKER!$D$3:$D$1275,"AT"),"") | D12: =IFERROR(1-(COUNTIFS(TRACKER!$C$3:$C$1275,A12,TRACKER!$D$3:$D$1275,"AU",TRACKER!$G$3:$G$1275,"Passed")+COUNTIFS(TRACKER!$C$3:$C$1275,A12,TRACKER!$D$3:$D$1275,"AU",TRACKER!$G$3:$G$1275,"Accepted Exception"))/COUNTIFS(TRACKER!$C$3:$C$1275,A12,TRACKER!$D$3:$D$1275,"AU"),"") | E12: =IFERROR(1-(COUNTIFS(TRACKER!$C$3:$C$1275,A12,TRACKER!$D$3:$D$1275,"CA",TRACKER!$G$3:$G$1275,"Passed")+COUNTIFS(TRACKER!$C$3:$C$1275,A12,TRACKER!$D$3:$D$1275,"CA",TRACKER!$G$3:$G$1275,"Accepted Exception"))/COUNTIFS(TRACKER!$C$3:$C$1275,A12,TRACKER!$D$3:$D$1275,"CA"),"") | F12: =IFERROR(1-(COUNTIFS(TRACKER!$C$3:$C$1275,A12,TRACKER!$D$3:$D$1275,"CM",TRACKER!$G$3:$G$1275,"Passed")+COUNTIFS(TRACKER!$C$3:$C$1275,A12,TRACKER!$D$3:$D$1275,"CM",TRACKER!$G$3:$G$1275,"Accepted Exception"))/COUNTIFS(TRACKER!$C$3:$C$1275,A12,TRACKER!$D$3:$D$1275,"CM"),"") | G12: =IFERROR(1-(COUNTIFS(TRACKER!$C$3:$C$1275,A12,TRACKER!$D$3:$D$1275,"CP",TRACKER!$G$3:$G$1275,"Passed")+COUNTIFS(TRACKER!$C$3:$C$1275,A12,TRACKER!$D$3:$D$1275,"CP",TRACKER!$G$3:$G$1275,"Accepted Exception"))/COUNTIFS(TRACKER!$C$3:$C$1275,A12,TRACKER!$D$3:$D$1275,"CP"),"") | H12: =IFERROR(1-(COUNTIFS(TRACKER!$C$3:$C$1275,A12,TRACKER!$D$3:$D$1275,"IA",TRACKER!$G$3:$G$1275,"Passed")+COUNTIFS(TRACKER!$C$3:$C$1275,A12,TRACKER!$D$3:$D$1275,"IA",TRACKER!$G$3:$G$1275,"Accepted Exception"))/COUNTIFS(TRACKER!$C$3:$C$1275,A12,TRACKER!$D$3:$D$1275,"IA"),"") | I12: =IFERROR(1-(COUNTIFS(TRACKER!$C$3:$C$1275,A12,TRACKER!$D$3:$D$1275,"IR",TRACKER!$G$3:$G$1275,"Passed")+COUNTIFS(TRACKER!$C$3:$C$1275,A12,TRACKER!$D$3:$D$1275,"IR",TRACKER!$G$3:$G$1275,"Accepted Exception"))/COUNTIFS(TRACKER!$C$3:$C$1275,A12,TRACKER!$D$3:$D$1275,"IR"),"") | J12: =IFERROR(1-(COUNTIFS(TRACKER!$C$3:$C$1275,A12,TRACKER!$D$3:$D$1275,"MA",TRACKER!$G$3:$G$1275,"Passed")+COUNTIFS(TRACKER!$C$3:$C$1275,A12,TRACKER!$D$3:$D$1275,"MA",TRACKER!$G$3:$G$1275,"Accepted Exception"))/COUNTIFS(TRACKER!$C$3:$C$1275,A12,TRACKER!$D$3:$D$1275,"MA"),"") | K12: =IFERROR(1-(COUNTIFS(TRACKER!$C$3:$C$1275,A12,TRACKER!$D$3:$D$1275,"MP",TRACKER!$G$3:$G$1275,"Passed")+COUNTIFS(TRACKER!$C$3:$C$1275,A12,TRACKER!$D$3:$D$1275,"MP",TRACKER!$G$3:$G$1275,"Accepted Exception"))/COUNTIFS(TRACKER!$C$3:$C$1275,A12,TRACKER!$D$3:$D$1275,"MP"),"") | L12: =IFERROR(1-(COUNTIFS(TRACKER!$C$3:$C$1275,A12,TRACKER!$D$3:$D$1275,"PE",TRACKER!$G$3:$G$1275,"Passed")+COUNTIFS(TRACKER!$C$3:$C$1275,A12,TRACKER!$D$3:$D$1275,"PE",TRACKER!$G$3:$G$1275,"Accepted Exception"))/COUNTIFS(TRACKER!$C$3:$C$1275,A12,TRACKER!$D$3:$D$1275,"PE"),"") | M12: =IFERROR(1-(COUNTIFS(TRACKER!$C$3:$C$1275,A12,TRACKER!$D$3:$D$1275,"PL",TRACKER!$G$3:$G$1275,"Passed")+COUNTIFS(TRACKER!$C$3:$C$1275,A12,TRACKER!$D$3:$D$1275,"PL",TRACKER!$G$3:$G$1275,"Accepted Exception"))/COUNTIFS(TRACKER!$C$3:$C$1275,A12,TRACKER!$D$3:$D$1275,"PL"),"") | N12: =IFERROR(1-(COUNTIFS(TRACKER!$C$3:$C$1275,A12,TRACKER!$D$3:$D$1275,"PS",TRACKER!$G$3:$G$1275,"Passed")+COUNTIFS(TRACKER!$C$3:$C$1275,A12,TRACKER!$D$3:$D$1275,"PS",TRACKER!$G$3:$G$1275,"Accepted Exception"))/COUNTIFS(TRACKER!$C$3:$C$1275,A12,TRACKER!$D$3:$D$1275,"PS"),"") | O12: =IFERROR(1-(COUNTIFS(TRACKER!$C$3:$C$1275,A12,TRACKER!$D$3:$D$1275,"RA",TRACKER!$G$3:$G$1275,"Passed")+COUNTIFS(TRACKER!$C$3:$C$1275,A12,TRACKER!$D$3:$D$1275,"RA",TRACKER!$G$3:$G$1275,"Accepted Exception"))/COUNTIFS(TRACKER!$C$3:$C$1275,A12,TRACKER!$D$3:$D$1275,"RA"),"") | P12: =IFERROR(1-(COUNTIFS(TRACKER!$C$3:$C$1275,A12,TRACKER!$D$3:$D$1275,"SA",TRACKER!$G$3:$G$1275,"Passed")+COUNTIFS(TRACKER!$C$3:$C$1275,A12,TRACKER!$D$3:$D$1275,"SA",TRACKER!$G$3:$G$1275,"Accepted Exception"))/COUNTIFS(TRACKER!$C$3:$C$1275,A12,TRACKER!$D$3:$D$1275,"SA"),"") | Q12: =IFERROR(1-(COUNTIFS(TRACKER!$C$3:$C$1275,A12,TRACKER!$D$3:$D$1275,"SC",TRACKER!$G$3:$G$1275,"Passed")+COUNTIFS(TRACKER!$C$3:$C$1275,A12,TRACKER!$D$3:$D$1275,"SC",TRACKER!$G$3:$G$1275,"Accepted Exception"))/COUNTIFS(TRACKER!$C$3:$C$1275,A12,TRACKER!$D$3:$D$1275,"SC"),"") | R12: =IFERROR(1-(COUNTIFS(TRACKER!$C$3:$C$1275,A12,TRACKER!$D$3:$D$1275,"SI",TRACKER!$G$3:$G$1275,"Passed")+COUNTIFS(TRACKER!$C$3:$C$1275,A12,TRACKER!$D$3:$D$1275,"SI",TRACKER!$G$3:$G$1275,"Accepted Exception"))/COUNTIFS(TRACKER!$C$3:$C$1275,A12,TRACKER!$D$3:$D$1275,"SI"),"")
A13: Microsoft-Descoped | B13: =IFERROR(1-(COUNTIFS(TRACKER!$C$3:$C$1275,A13,TRACKER!$D$3:$D$1275,"AC",TRACKER!$G$3:$G$1275,"Passed")+COUNTIFS(TRACKER!$C$3:$C$1275,A13,TRACKER!$D$3:$D$1275,"AC",TRACKER!$G$3:$G$1275,"Accepted Exception"))/COUNTIFS(TRACKER!$C$3:$C$1275,A13,TRACKER!$D$3:$D$1275,"AC"),"") | C13: =IFERROR(1-(COUNTIFS(TRACKER!$C$3:$C$1275,A13,TRACKER!$D$3:$D$1275,"AT",TRACKER!$G$3:$G$1275,"Passed")+COUNTIFS(TRACKER!$C$3:$C$1275,A13,TRACKER!$D$3:$D$1275,"AT",TRACKER!$G$3:$G$1275,"Accepted Exception"))/COUNTIFS(TRACKER!$C$3:$C$1275,A13,TRACKER!$D$3:$D$1275,"AT"),"") | D13: =IFERROR(1-(COUNTIFS(TRACKER!$C$3:$C$1275,A13,TRACKER!$D$3:$D$1275,"AU",TRACKER!$G$3:$G$1275,"Passed")+COUNTIFS(TRACKER!$C$3:$C$1275,A13,TRACKER!$D$3:$D$1275,"AU",TRACKER!$G$3:$G$1275,"Accepted Exception"))/COUNTIFS(TRACKER!$C$3:$C$1275,A13,TRACKER!$D$3:$D$1275,"AU"),"") | E13: =IFERROR(1-(COUNTIFS(TRACKER!$C$3:$C$1275,A13,TRACKER!$D$3:$D$1275,"CA",TRACKER!$G$3:$G$1275,"Passed")+COUNTIFS(TRACKER!$C$3:$C$1275,A13,TRACKER!$D$3:$D$1275,"CA",TRACKER!$G$3:$G$1275,"Accepted Exception"))/COUNTIFS(TRACKER!$C$3:$C$1275,A13,TRACKER!$D$3:$D$1275,"CA"),"") | F13: =IFERROR(1-(COUNTIFS(TRACKER!$C$3:$C$1275,A13,TRACKER!$D$3:$D$1275,"CM",TRACKER!$G$3:$G$1275,"Passed")+COUNTIFS(TRACKER!$C$3:$C$1275,A13,TRACKER!$D$3:$D$1275,"CM",TRACKER!$G$3:$G$1275,"Accepted Exception"))/COUNTIFS(TRACKER!$C$3:$C$1275,A13,TRACKER!$D$3:$D$1275,"CM"),"") | G13: =IFERROR(1-(COUNTIFS(TRACKER!$C$3:$C$1275,A13,TRACKER!$D$3:$D$1275,"CP",TRACKER!$G$3:$G$1275,"Passed")+COUNTIFS(TRACKER!$C$3:$C$1275,A13,TRACKER!$D$3:$D$1275,"CP",TRACKER!$G$3:$G$1275,"Accepted Exception"))/COUNTIFS(TRACKER!$C$3:$C$1275,A13,TRACKER!$D$3:$D$1275,"CP"),"") | H13: =IFERROR(1-(COUNTIFS(TRACKER!$C$3:$C$1275,A13,TRACKER!$D$3:$D$1275,"IA",TRACKER!$G$3:$G$1275,"Passed")+COUNTIFS(TRACKER!$C$3:$C$1275,A13,TRACKER!$D$3:$D$1275,"IA",TRACKER!$G$3:$G$1275,"Accepted Exception"))/COUNTIFS(TRACKER!$C$3:$C$1275,A13,TRACKER!$D$3:$D$1275,"IA"),"") | I13: =IFERROR(1-(COUNTIFS(TRACKER!$C$3:$C$1275,A13,TRACKER!$D$3:$D$1275,"IR",TRACKER!$G$3:$G$1275,"Passed")+COUNTIFS(TRACKER!$C$3:$C$1275,A13,TRACKER!$D$3:$D$1275,"IR",TRACKER!$G$3:$G$1275,"Accepted Exception"))/COUNTIFS(TRACKER!$C$3:$C$1275,A13,TRACKER!$D$3:$D$1275,"IR"),"") | J13: =IFERROR(1-(COUNTIFS(TRACKER!$C$3:$C$1275,A13,TRACKER!$D$3:$D$1275,"MA",TRACKER!$G$3:$G$1275,"Passed")+COUNTIFS(TRACKER!$C$3:$C$1275,A13,TRACKER!$D$3:$D$1275,"MA",TRACKER!$G$3:$G$1275,"Accepted Exception"))/COUNTIFS(TRACKER!$C$3:$C$1275,A13,TRACKER!$D$3:$D$1275,"MA"),"") | K13: =IFERROR(1-(COUNTIFS(TRACKER!$C$3:$C$1275,A13,TRACKER!$D$3:$D$1275,"MP",TRACKER!$G$3:$G$1275,"Passed")+COUNTIFS(TRACKER!$C$3:$C$1275,A13,TRACKER!$D$3:$D$1275,"MP",TRACKER!$G$3:$G$1275,"Accepted Exception"))/COUNTIFS(TRACKER!$C$3:$C$1275,A13,TRACKER!$D$3:$D$1275,"MP"),"") | L13: =IFERROR(1-(COUNTIFS(TRACKER!$C$3:$C$1275,A13,TRACKER!$D$3:$D$1275,"PE",TRACKER!$G$3:$G$1275,"Passed")+COUNTIFS(TRACKER!$C$3:$C$1275,A13,TRACKER!$D$3:$D$1275,"PE",TRACKER!$G$3:$G$1275,"Accepted Exception"))/COUNTIFS(TRACKER!$C$3:$C$1275,A13,TRACKER!$D$3:$D$1275,"PE"),"") | M13: =IFERROR(1-(COUNTIFS(TRACKER!$C$3:$C$1275,A13,TRACKER!$D$3:$D$1275,"PL",TRACKER!$G$3:$G$1275,"Passed")+COUNTIFS(TRACKER!$C$3:$C$1275,A13,TRACKER!$D$3:$D$1275,"PL",TRACKER!$G$3:$G$1275,"Accepted Exception"))/COUNTIFS(TRACKER!$C$3:$C$1275,A13,TRACKER!$D$3:$D$1275,"PL"),"") | N13: =IFERROR(1-(COUNTIFS(TRACKER!$C$3:$C$1275,A13,TRACKER!$D$3:$D$1275,"PS",TRACKER!$G$3:$G$1275,"Passed")+COUNTIFS(TRACKER!$C$3:$C$1275,A13,TRACKER!$D$3:$D$1275,"PS",TRACKER!$G$3:$G$1275,"Accepted Exception"))/COUNTIFS(TRACKER!$C$3:$C$1275,A13,TRACKER!$D$3:$D$1275,"PS"),"") | O13: =IFERROR(1-(COUNTIFS(TRACKER!$C$3:$C$1275,A13,TRACKER!$D$3:$D$1275,"RA",TRACKER!$G$3:$G$1275,"Passed")+COUNTIFS(TRACKER!$C$3:$C$1275,A13,TRACKER!$D$3:$D$1275,"RA",TRACKER!$G$3:$G$1275,"Accepted Exception"))/COUNTIFS(TRACKER!$C$3:$C$1275,A13,TRACKER!$D$3:$D$1275,"RA"),"") | P13: =IFERROR(1-(COUNTIFS(TRACKER!$C$3:$C$1275,A13,TRACKER!$D$3:$D$1275,"SA",TRACKER!$G$3:$G$1275,"Passed")+COUNTIFS(TRACKER!$C$3:$C$1275,A13,TRACKER!$D$3:$D$1275,"SA",TRACKER!$G$3:$G$1275,"Accepted Exception"))/COUNTIFS(TRACKER!$C$3:$C$1275,A13,TRACKER!$D$3:$D$1275,"SA"),"") | Q13: =IFERROR(1-(COUNTIFS(TRACKER!$C$3:$C$1275,A13,TRACKER!$D$3:$D$1275,"SC",TRACKER!$G$3:$G$1275,"Passed")+COUNTIFS(TRACKER!$C$3:$C$1275,A13,TRACKER!$D$3:$D$1275,"SC",TRACKER!$G$3:$G$1275,"Accepted Exception"))/COUNTIFS(TRACKER!$C$3:$C$1275,A13,TRACKER!$D$3:$D$1275,"SC"),"") | R13: =IFERROR(1-(COUNTIFS(TRACKER!$C$3:$C$1275,A13,TRACKER!$D$3:$D$1275,"SI",TRACKER!$G$3:$G$1275,"Passed")+COUNTIFS(TRACKER!$C$3:$C$1275,A13,TRACKER!$D$3:$D$1275,"SI",TRACKER!$G$3:$G$1275,"Accepted Exception"))/COUNTIFS(TRACKER!$C$3:$C$1275,A13,TRACKER!$D$3:$D$1275,"SI"),"")
A14: Networking | B14: =IFERROR(1-(COUNTIFS(TRACKER!$C$3:$C$1275,A14,TRACKER!$D$3:$D$1275,"AC",TRACKER!$G$3:$G$1275,"Passed")+COUNTIFS(TRACKER!$C$3:$C$1275,A14,TRACKER!$D$3:$D$1275,"AC",TRACKER!$G$3:$G$1275,"Accepted Exception"))/COUNTIFS(TRACKER!$C$3:$C$1275,A14,TRACKER!$D$3:$D$1275,"AC"),"") | C14: =IFERROR(1-(COUNTIFS(TRACKER!$C$3:$C$1275,A14,TRACKER!$D$3:$D$1275,"AT",TRACKER!$G$3:$G$1275,"Passed")+COUNTIFS(TRACKER!$C$3:$C$1275,A14,TRACKER!$D$3:$D$1275,"AT",TRACKER!$G$3:$G$1275,"Accepted Exception"))/COUNTIFS(TRACKER!$C$3:$C$1275,A14,TRACKER!$D$3:$D$1275,"AT"),"") | D14: =IFERROR(1-(COUNTIFS(TRACKER!$C$3:$C$1275,A14,TRACKER!$D$3:$D$1275,"AU",TRACKER!$G$3:$G$1275,"Passed")+COUNTIFS(TRACKER!$C$3:$C$1275,A14,TRACKER!$D$3:$D$1275,"AU",TRACKER!$G$3:$G$1275,"Accepted Exception"))/COUNTIFS(TRACKER!$C$3:$C$1275,A14,TRACKER!$D$3:$D$1275,"AU"),"") | E14: =IFERROR(1-(COUNTIFS(TRACKER!$C$3:$C$1275,A14,TRACKER!$D$3:$D$1275,"CA",TRACKER!$G$3:$G$1275,"Passed")+COUNTIFS(TRACKER!$C$3:$C$1275,A14,TRACKER!$D$3:$D$1275,"CA",TRACKER!$G$3:$G$1275,"Accepted Exception"))/COUNTIFS(TRACKER!$C$3:$C$1275,A14,TRACKER!$D$3:$D$1275,"CA"),"") | F14: =IFERROR(1-(COUNTIFS(TRACKER!$C$3:$C$1275,A14,TRACKER!$D$3:$D$1275,"CM",TRACKER!$G$3:$G$1275,"Passed")+COUNTIFS(TRACKER!$C$3:$C$1275,A14,TRACKER!$D$3:$D$1275,"CM",TRACKER!$G$3:$G$1275,"Accepted Exception"))/COUNTIFS(TRACKER!$C$3:$C$1275,A14,TRACKER!$D$3:$D$1275,"CM"),"") | G14: =IFERROR(1-(COUNTIFS(TRACKER!$C$3:$C$1275,A14,TRACKER!$D$3:$D$1275,"CP",TRACKER!$G$3:$G$1275,"Passed")+COUNTIFS(TRACKER!$C$3:$C$1275,A14,TRACKER!$D$3:$D$1275,"CP",TRACKER!$G$3:$G$1275,"Accepted Exception"))/COUNTIFS(TRACKER!$C$3:$C$1275,A14,TRACKER!$D$3:$D$1275,"CP"),"") | H14: =IFERROR(1-(COUNTIFS(TRACKER!$C$3:$C$1275,A14,TRACKER!$D$3:$D$1275,"IA",TRACKER!$G$3:$G$1275,"Passed")+COUNTIFS(TRACKER!$C$3:$C$1275,A14,TRACKER!$D$3:$D$1275,"IA",TRACKER!$G$3:$G$1275,"Accepted Exception"))/COUNTIFS(TRACKER!$C$3:$C$1275,A14,TRACKER!$D$3:$D$1275,"IA"),"") | I14: =IFERROR(1-(COUNTIFS(TRACKER!$C$3:$C$1275,A14,TRACKER!$D$3:$D$1275,"IR",TRACKER!$G$3:$G$1275,"Passed")+COUNTIFS(TRACKER!$C$3:$C$1275,A14,TRACKER!$D$3:$D$1275,"IR",TRACKER!$G$3:$G$1275,"Accepted Exception"))/COUNTIFS(TRACKER!$C$3:$C$1275,A14,TRACKER!$D$3:$D$1275,"IR"),"") | J14: =IFERROR(1-(COUNTIFS(TRACKER!$C$3:$C$1275,A14,TRACKER!$D$3:$D$1275,"MA",TRACKER!$G$3:$G$1275,"Passed")+COUNTIFS(TRACKER!$C$3:$C$1275,A14,TRACKER!$D$3:$D$1275,"MA",TRACKER!$G$3:$G$1275,"Accepted Exception"))/COUNTIFS(TRACKER!$C$3:$C$1275,A14,TRACKER!$D$3:$D$1275,"MA"),"") | K14: =IFERROR(1-(COUNTIFS(TRACKER!$C$3:$C$1275,A14,TRACKER!$D$3:$D$1275,"MP",TRACKER!$G$3:$G$1275,"Passed")+COUNTIFS(TRACKER!$C$3:$C$1275,A14,TRACKER!$D$3:$D$1275,"MP",TRACKER!$G$3:$G$1275,"Accepted Exception"))/COUNTIFS(TRACKER!$C$3:$C$1275,A14,TRACKER!$D$3:$D$1275,"MP"),"") | L14: =IFERROR(1-(COUNTIFS(TRACKER!$C$3:$C$1275,A14,TRACKER!$D$3:$D$1275,"PE",TRACKER!$G$3:$G$1275,"Passed")+COUNTIFS(TRACKER!$C$3:$C$1275,A14,TRACKER!$D$3:$D$1275,"PE",TRACKER!$G$3:$G$1275,"Accepted Exception"))/COUNTIFS(TRACKER!$C$3:$C$1275,A14,TRACKER!$D$3:$D$1275,"PE"),"") | M14: =IFERROR(1-(COUNTIFS(TRACKER!$C$3:$C$1275,A14,TRACKER!$D$3:$D$1275,"PL",TRACKER!$G$3:$G$1275,"Passed")+COUNTIFS(TRACKER!$C$3:$C$1275,A14,TRACKER!$D$3:$D$1275,"PL",TRACKER!$G$3:$G$1275,"Accepted Exception"))/COUNTIFS(TRACKER!$C$3:$C$1275,A14,TRACKER!$D$3:$D$1275,"PL"),"") | N14: =IFERROR(1-(COUNTIFS(TRACKER!$C$3:$C$1275,A14,TRACKER!$D$3:$D$1275,"PS",TRACKER!$G$3:$G$1275,"Passed")+COUNTIFS(TRACKER!$C$3:$C$1275,A14,TRACKER!$D$3:$D$1275,"PS",TRACKER!$G$3:$G$1275,"Accepted Exception"))/COUNTIFS(TRACKER!$C$3:$C$1275,A14,TRACKER!$D$3:$D$1275,"PS"),"") | O14: =IFERROR(1-(COUNTIFS(TRACKER!$C$3:$C$1275,A14,TRACKER!$D$3:$D$1275,"RA",TRACKER!$G$3:$G$1275,"Passed")+COUNTIFS(TRACKER!$C$3:$C$1275,A14,TRACKER!$D$3:$D$1275,"RA",TRACKER!$G$3:$G$1275,"Accepted Exception"))/COUNTIFS(TRACKER!$C$3:$C$1275,A14,TRACKER!$D$3:$D$1275,"RA"),"") | P14: =IFERROR(1-(COUNTIFS(TRACKER!$C$3:$C$1275,A14,TRACKER!$D$3:$D$1275,"SA",TRACKER!$G$3:$G$1275,"Passed")+COUNTIFS(TRACKER!$C$3:$C$1275,A14,TRACKER!$D$3:$D$1275,"SA",TRACKER!$G$3:$G$1275,"Accepted Exception"))/COUNTIFS(TRACKER!$C$3:$C$1275,A14,TRACKER!$D$3:$D$1275,"SA"),"") | Q14: =IFERROR(1-(COUNTIFS(TRACKER!$C$3:$C$1275,A14,TRACKER!$D$3:$D$1275,"SC",TRACKER!$G$3:$G$1275,"Passed")+COUNTIFS(TRACKER!$C$3:$C$1275,A14,TRACKER!$D$3:$D$1275,"SC",TRACKER!$G$3:$G$1275,"Accepted Exception"))/COUNTIFS(TRACKER!$C$3:$C$1275,A14,TRACKER!$D$3:$D$1275,"SC"),"") | R14: =IFERROR(1-(COUNTIFS(TRACKER!$C$3:$C$1275,A14,TRACKER!$D$3:$D$1275,"SI",TRACKER!$G$3:$G$1275,"Passed")+COUNTIFS(TRACKER!$C$3:$C$1275,A14,TRACKER!$D$3:$D$1275,"SI",TRACKER!$G$3:$G$1275,"Accepted Exception"))/COUNTIFS(TRACKER!$C$3:$C$1275,A14,TRACKER!$D$3:$D$1275,"SI"),"")
... A23: Web | B23: =IFERROR(1-(COUNTIFS(TRACKER!$C$3:$C$1275,A23,TRACKER!$D$3:$D$1275,"AC",TRACKER!$G$3:$G$1275,"Passed")+COUNTIFS(TRACKER!$C$3:$C$1275,A23,TRACKER!$D$3:$D$1275,"AC",TRACKER!$G$3:$G$1275,"Accepted Exception"))/COUNTIFS(TRACKER!$C$3:$C$1275,A23,TRACKER!$D$3:$D$1275,"AC"),"") | C23: =IFERROR(1-(COUNTIFS(TRACKER!$C$3:$C$1275,A23,TRACKER!$D$3:$D$1275,"AT",TRACKER!$G$3:$G$1275,"Passed")+COUNTIFS(TRACKER!$C$3:$C$1275,A23,TRACKER!$D$3:$D$1275,"AT",TRACKER!$G$3:$G$1275,"Accepted Exception"))/COUNTIFS(TRACKER!$C$3:$C$1275,A23,TRACKER!$D$3:$D$1275,"AT"),"") | D23: =IFERROR(1-(COUNTIFS(TRACKER!$C$3:$C$1275,A23,TRACKER!$D$3:$D$1275,"AU",TRACKER!$G$3:$G$1275,"Passed")+COUNTIFS(TRACKER!$C$3:$C$1275,A23,TRACKER!$D$3:$D$1275,"AU",TRACKER!$G$3:$G$1275,"Accepted Exception"))/COUNTIFS(TRACKER!$C$3:$C$1275,A23,TRACKER!$D$3:$D$1275,"AU"),"") | E23: =IFERROR(1-(COUNTIFS(TRACKER!$C$3:$C$1275,A23,TRACKER!$D$3:$D$1275,"CA",TRACKER!$G$3:$G$1275,"Passed")+COUNTIFS(TRACKER!$C$3:$C$1275,A23,TRACKER!$D$3:$D$1275,"CA",TRACKER!$G$3:$G$1275,"Accepted Exception"))/COUNTIFS(TRACKER!$C$3:$C$1275,A23,TRACKER!$D$3:$D$1275,"CA"),"") | F23: =IFERROR(1-(COUNTIFS(TRACKER!$C$3:$C$1275,A23,TRACKER!$D$3:$D$1275,"CM",TRACKER!$G$3:$G$1275,"Passed")+COUNTIFS(TRACKER!$C$3:$C$1275,A23,TRACKER!$D$3:$D$1275,"CM",TRACKER!$G$3:$G$1275,"Accepted Exception"))/COUNTIFS(TRACKER!$C$3:$C$1275,A23,TRACKER!$D$3:$D$1275,"CM"),"") | G23: =IFERROR(1-(COUNTIFS(TRACKER!$C$3:$C$1275,A23,TRACKER!$D$3:$D$1275,"CP",TRACKER!$G$3:$G$1275,"Passed")+COUNTIFS(TRACKER!$C$3:$C$1275,A23,TRACKER!$D$3:$D$1275,"CP",TRACKER!$G$3:$G$1275,"Accepted Exception"))/COUNTIFS(TRACKER!$C$3:$C$1275,A23,TRACKER!$D$3:$D$1275,"CP"),"") | H23: =IFERROR(1-(COUNTIFS(TRACKER!$C$3:$C$1275,A23,TRACKER!$D$3:$D$1275,"IA",TRACKER!$G$3:$G$1275,"Passed")+COUNTIFS(TRACKER!$C$3:$C$1275,A23,TRACKER!$D$3:$D$1275,"IA",TRACKER!$G$3:$G$1275,"Accepted Exception"))/COUNTIFS(TRACKER!$C$3:$C$1275,A23,TRACKER!$D$3:$D$1275,"IA"),"") | I23: =IFERROR(1-(COUNTIFS(TRACKER!$C$3:$C$1275,A23,TRACKER!$D$3:$D$1275,"IR",TRACKER!$G$3:$G$1275,"Passed")+COUNTIFS(TRACKER!$C$3:$C$1275,A23,TRACKER!$D$3:$D$1275,"IR",TRACKER!$G$3:$G$1275,"Accepted Exception"))/COUNTIFS(TRACKER!$C$3:$C$1275,A23,TRACKER!$D$3:$D$1275,"IR"),"") | J23: =IFERROR(1-(COUNTIFS(TRACKER!$C$3:$C$1275,A23,TRACKER!$D$3:$D$1275,"MA",TRACKER!$G$3:$G$1275,"Passed")+COUNTIFS(TRACKER!$C$3:$C$1275,A23,TRACKER!$D$3:$D$1275,"MA",TRACKER!$G$3:$G$1275,"Accepted Exception"))/COUNTIFS(TRACKER!$C$3:$C$1275,A23,TRACKER!$D$3:$D$1275,"MA"),"") | K23: =IFERROR(1-(COUNTIFS(TRACKER!$C$3:$C$1275,A23,TRACKER!$D$3:$D$1275,"MP",TRACKER!$G$3:$G$1275,"Passed")+COUNTIFS(TRACKER!$C$3:$C$1275,A23,TRACKER!$D$3:$D$1275,"MP",TRACKER!$G$3:$G$1275,"Accepted Exception"))/COUNTIFS(TRACKER!$C$3:$C$1275,A23,TRACKER!$D$3:$D$1275,"MP"),"") | L23: =IFERROR(1-(COUNTIFS(TRACKER!$C$3:$C$1275,A23,TRACKER!$D$3:$D$1275,"PE",TRACKER!$G$3:$G$1275,"Passed")+COUNTIFS(TRACKER!$C$3:$C$1275,A23,TRACKER!$D$3:$D$1275,"PE",TRACKER!$G$3:$G$1275,"Accepted Exception"))/COUNTIFS(TRACKER!$C$3:$C$1275,A23,TRACKER!$D$3:$D$1275,"PE"),"") | M23: =IFERROR(1-(COUNTIFS(TRACKER!$C$3:$C$1275,A23,TRACKER!$D$3:$D$1275,"PL",TRACKER!$G$3:$G$1275,"Passed")+COUNTIFS(TRACKER!$C$3:$C$1275,A23,TRACKER!$D$3:$D$1275,"PL",TRACKER!$G$3:$G$1275,"Accepted Exception"))/COUNTIFS(TRACKER!$C$3:$C$1275,A23,TRACKER!$D$3:$D$1275,"PL"),"") | N23: =IFERROR(1-(COUNTIFS(TRACKER!$C$3:$C$1275,A23,TRACKER!$D$3:$D$1275,"PS",TRACKER!$G$3:$G$1275,"Passed")+COUNTIFS(TRACKER!$C$3:$C$1275,A23,TRACKER!$D$3:$D$1275,"PS",TRACKER!$G$3:$G$1275,"Accepted Exception"))/COUNTIFS(TRACKER!$C$3:$C$1275,A23,TRACKER!$D$3:$D$1275,"PS"),"") | O23: =IFERROR(1-(COUNTIFS(TRACKER!$C$3:$C$1275,A23,TRACKER!$D$3:$D$1275,"RA",TRACKER!$G$3:$G$1275,"Passed")+COUNTIFS(TRACKER!$C$3:$C$1275,A23,TRACKER!$D$3:$D$1275,"RA",TRACKER!$G$3:$G$1275,"Accepted Exception"))/COUNTIFS(TRACKER!$C$3:$C$1275,A23,TRACKER!$D$3:$D$1275,"RA"),"") | P23: =IFERROR(1-(COUNTIFS(TRACKER!$C$3:$C$1275,A23,TRACKER!$D$3:$D$1275,"SA",TRACKER!$G$3:$G$1275,"Passed")+COUNTIFS(TRACKER!$C$3:$C$1275,A23,TRACKER!$D$3:$D$1275,"SA",TRACKER!$G$3:$G$1275,"Accepted Exception"))/COUNTIFS(TRACKER!$C$3:$C$1275,A23,TRACKER!$D$3:$D$1275,"SA"),"") | Q23: =IFERROR(1-(COUNTIFS(TRACKER!$C$3:$C$1275,A23,TRACKER!$D$3:$D$1275,"SC",TRACKER!$G$3:$G$1275,"Passed")+COUNTIFS(TRACKER!$C$3:$C$1275,A23,TRACKER!$D$3:$D$1275,"SC",TRACKER!$G$3:$G$1275,"Accepted Exception"))/COUNTIFS(TRACKER!$C$3:$C$1275,A23,TRACKER!$D$3:$D$1275,"SC"),"") | R23: =IFERROR(1-(COUNTIFS(TRACKER!$C$3:$C$1275,A23,TRACKER!$D$3:$D$1275,"SI",TRACKER!$G$3:$G$1275,"Passed")+COUNTIFS(TRACKER!$C$3:$C$1275,A23,TRACKER!$D$3:$D$1275,"SI",TRACKER!$G$3:$G$1275,"Accepted Exception"))/COUNTIFS(TRACKER!$C$3:$C$1275,A23,TRACKER!$D$3:$D$1275,"SI"),"")

Sheet REMEDIATION PLAN
A1: Remediation Action Plan — Gap Closure (pre-populated from workbook comments)
A2: # | B2: Control ID | C2: Family | D2: Technology | E2: Status (EN) | F2: Finding / Comment from Workbook | G2: Risk / Impact | H2: Remediation Action | I2: Priority | J2: Owner | K2: Target Date | L2: Closure Status
A3: 1 | B3: AU-2 | C3: AU | D3: Analytics | E3: =IFERROR(TRACKER!G3,"Not Started") | F3: =IFERROR('[Analytics.xlsx]AU-2'!B21,"") | L3: Not Started
A4: 2 | B4: AU-3 | C4: AU | D4: Analytics | E4: =IFERROR(TRACKER!G4,"Not Started") | F4: =IFERROR('[Analytics.xlsx]AU-3'!B21,"") | L4: Not Started
A5: 3 | B5: AU-3(1) | C5: AU | D5: Analytics | E5: =IFERROR(TRACKER!G5,"Not Started") | F5: =IFERROR('[Analytics.xlsx]AU-3-1'!B21,"") | L5: Not Started
A6: 4 | B6: AU-5 | C6: AU | D6: Analytics | E6: =IFERROR(TRACKER!G6,"Not Started") | F6: =IFERROR('[Analytics.xlsx]AU-5'!B21,"") | L6: Not Started
A7: 5 | B7: AU-9(2) | C7: AU | D7: Analytics | E7: =IFERROR(TRACKER!G7,"Not Started") | F7: =IFERROR('[Analytics.xlsx]AU-9-2'!B21,"") | L7: Not Started
A8: 6 | B8: AU-12 | C8: AU | D8: Analytics | E8: =IFERROR(TRACKER!G8,"Not Started") | F8: =IFERROR('[Analytics.xlsx]AU-12'!B21,"") | L8: Not Started
A9: 7 | B9: CM-2(3) | C9: CM | D9: Analytics | E9: =IFERROR(TRACKER!G9,"Not Started") | F9: =IFERROR('[Analytics.xlsx]CM-2-3'!B21,"") | L9: Not Started
A10: 8 | B10: CM-5(1) | C10: CM | D10: Analytics | E10: =IFERROR(TRACKER!G10,"Not Started") | F10: =IFERROR('[Analytics.xlsx]CM-5-1'!B21,"") | L10: Not Started
A11: 9 | B11: CM-6 | C11: CM | D11: Analytics | E11: =IFERROR(TRACKER!G11,"Not Started") | F11: =IFERROR('[Analytics.xlsx]CM-6'!B21,"") | L11: Not Started
A12: 10 | B12: CM-7 | C12: CM | D12: Analytics | E12: =IFERROR(TRACKER!G12,"Not Started") | F12: =IFERROR('[Analytics.xlsx]CM-7'!B21,"") | L12: Not Started
A13: 11 | B13: CM-7(1) | C13: CM | D13: Analytics | E13: =IFERROR(TRACKER!G13,"Not Started") | F13: =IFERROR('[Analytics.xlsx]CM-7-1'!B21,"") | L13: Not Started
A14: 12 | B14: CP-6 | C14: CP | D14: Analytics | E14: =IFERROR(TRACKER!G14,"Not Started") | F14: =IFERROR('[Analytics.xlsx]CP-6'!B21,"") | L14: Not Started
A15: 13 | B15: CP-6(2) | C15: CP | D15: Analytics | E15: =IFERROR(TRACKER!G15,"Not Started") | F15: =IFERROR('[Analytics.xlsx]CP-6-2'!B21,"") | L15: Not Started
A16: 14 | B16: CP-7 | C16: CP | D16: Analytics | E16: =IFERROR(TRACKER!G16,"Not Started") | F16: =IFERROR('[Analytics.xlsx]CP-7'!B21,"") | L16: Not Started
A17: 15 | B17: CP-7(4) | C17: CP | D17: Analytics | E17: =IFERROR(TRACKER!G17,"Not Started") | F17: =IFERROR('[Analytics.xlsx]CP-7-4'!B21,"") | L17: Not Started
A18: 16 | B18: CP-9 | C18: CP | D18: Analytics | E18: =IFERROR(TRACKER!G18,"Not Started") | F18: =IFERROR('[Analytics.xlsx]CP-9'!B21,"") | L18: Not Started
A19: 17 | B19: CP-9(1) | C19: CP | D19: Analytics | E19: =IFERROR(TRACKER!G19,"Not Started") | F19: =IFERROR('[Analytics.xlsx]CP-9-1'!B21,"") | L19: Not Started
A20: 18 | B20: CP-9(2) | C20: CP | D20: Analytics | E20: =IFERROR(TRACKER!G20,"Not Started") | F20: =IFERROR('[Analytics.xlsx]CP-9-2'!B21,"") | L20: Not Started
A21: 19 | B21: CP-9(5) | C21: CP | D21: Analytics | E21: =IFERROR(TRACKER!G21,"Not Started") | F21: =IFERROR('[Analytics.xlsx]CP-9-5'!B21,"") | L21: Not Started
A22: 20 | B22: CP-10 | C22: CP | D22: Analytics | E22: =IFERROR(TRACKER!G22,"Not Started") | F22: =IFERROR('[Analytics.xlsx]CP-10'!B21,"") | L22: Not Started
A23: 21 | B23: CP-10(4) | C23: CP | D23: Analytics | E23: =IFERROR(TRACKER!G23,"Not Started") | F23: =IFERROR('[Analytics.xlsx]CP-10-4'!B21,"") | L23: Not Started
A24: 22 | B24: SA-9(5) | C24: SA | D24: Analytics | E24: =IFERROR(TRACKER!G24,"Not Started") | F24: =IFERROR('[Analytics.xlsx]SA-9-5'!B21,"") | L24: Not Started
A25: 23 | B25: SC-4 | C25: SC | D25: Analytics | E25: =IFERROR(TRACKER!G25,"Not Started") | F25: =IFERROR('[Analytics.xlsx]SC-4'!B21,"") | L25: Not Started
A26: 24 | B26: SC-13 | C26: SC | D26: Analytics | E26: =IFERROR(TRACKER!G26,"Not Started") | F26: =IFERROR('[Analytics.xlsx]SC-13'!B21,"") | L26: Not Started
A27: 25 | B27: SC-28 | C27: SC | D27: Analytics | E27: =IFERROR(TRACKER!G27,"Not Started") | F27: =IFERROR('[Analytics.xlsx]SC-28'!B21,"") | L27: Not Started
A28: 26 | B28: SC-28(1) | C28: SC | D28: Analytics | E28: =IFERROR(TRACKER!G28,"Not Started") | F28: =IFERROR('[Analytics.xlsx]SC-28-1'!B21,"") | L28: Not Started
A29: 27 | B29: SI-4(2) | C29: SI | D29: Analytics | E29: =IFERROR(TRACKER!G29,"Not Started") | F29: =IFERROR('[Analytics.xlsx]SI-4-2'!B21,"") | L29: Not Started
A30: 28 | B30: SI-6 | C30: SI | D30: Analytics | E30: =IFERROR(TRACKER!G30,"Not Started") | F30: =IFERROR('[Analytics.xlsx]SI-6'!B21,"") | L30: Not Started
A31: 29 | B31: AC-6 | C31: AC | D31: Compute | E31: =IFERROR(TRACKER!G31,"Not Started") | F31: =IFERROR('[Compute.xlsx]AC-6'!B21,"") | L31: Not Started
A32: 30 | B32: AC-6(1) | C32: AC | D32: Compute | E32: =IFERROR(TRACKER!G32,"Not Started") | F32: =IFERROR('[Compute.xlsx]AC-6-1'!B21,"") | L32: Not Started
A33: 31 | B33: AC-7 | C33: AC | D33: Compute | E33: =IFERROR(TRACKER!G33,"Not Started") | F33: =IFERROR('[Compute.xlsx]AC-7'!B21,"") | L33: Not Started
A34: 32 | B34: AC-8 | C34: AC | D34: Compute | E34: =IFERROR(TRACKER!G34,"Not Started") | F34: =IFERROR('[Compute.xlsx]AC-8'!B21,"") | L34: Not Started
A35: 33 | B35: AC-11 | C35: AC | D35: Compute | E35: =IFERROR(TRACKER!G35,"Not Started") | F35: =IFERROR('[Compute.xlsx]AC-11'!B21,"") | L35: Not Started
A36: 34 | B36: AC-11(1) | C36: AC | D36: Compute | E36: =IFERROR(TRACKER!G36,"Not Started") | F36: =IFERROR('[Compute.xlsx]AC-11-1'!B21,"") | L36: Not Started
A37: 35 | B37: AC-12 | C37: AC | D37: Compute | E37: =IFERROR(TRACKER!G37,"Not Started") | F37: =IFERROR('[Compute.xlsx]AC-12'!B21,"") | L37: Not Started
A38: 36 | B38: AC-17(1) | C38: AC | D38: Compute | E38: =IFERROR(TRACKER!G38,"Not Started") | F38: =IFERROR('[Compute.xlsx]AC-17-1'!B21,"") | L38: Not Started
A39: 37 | B39: AC-17(2) | C39: AC | D39: Compute | E39: =IFERROR(TRACKER!G39,"Not Started") | F39: =IFERROR('[Compute.xlsx]AC-17-2'!B21,"") | L39: Not Started
A40: 38 | B40: AC-17(100) | C40: AC | D40: Compute | E40: =IFERROR(TRACKER!G40,"Not Started") | F40: =IFERROR('[Compute.xlsx]AC-17-100'!B21,"") | L40: Not Started
A41: 39 | B41: AU-2 | C41: AU | D41: Compute | E41: =IFERROR(TRACKER!G41,"Not Started") | F41: =IFERROR('[Compute.xlsx]AU-2'!B21,"") | L41: Not Started
A42: 40 | B42: AU-3 | C42: AU | D42: Compute | E42: =IFERROR(TRACKER!G42,"Not Started") | F42: =IFERROR('[Compute.xlsx]AU-3'!B21,"") | L42: Not Started
A43: 41 | B43: AU-3(1) | C43: AU | D43: Compute | E43: =IFERROR(TRACKER!G43,"Not Started") | F43: =IFERROR('[Compute.xlsx]AU-3-1'!B21,"") | L43: Not Started
A44: 42 | B44: AU-9(2) | C44: AU | D44: Compute | E44: =IFERROR(TRACKER!G44,"Not Started") | F44: =IFERROR('[Compute.xlsx]AU-9-2'!B21,"") | L44: Not Started
A45: 43 | B45: AU-12 | C45: AU | D45: Compute | E45: =IFERROR(TRACKER!G45,"Not Started") | F45: =IFERROR('[Compute.xlsx]AU-12'!B21,"") | L45: Not Started
A46: 44 | B46: CA-3(5) | C46: CA | D46: Compute | E46: =IFERROR(TRACKER!G46,"Not Started") | F46: =IFERROR('[Compute.xlsx]CA-3-5'!B21,"") | L46: Not Started
A47: 45 | B47: CA-9 | C47: CA | D47: Compute | E47: =IFERROR(TRACKER!G47,"Not Started") | F47: =IFERROR('[Compute.xlsx]CA-9'!B21,"") | L47: Not Started
A48: 46 | B48: CM-6 | C48: CM | D48: Compute | E48: =IFERROR(TRACKER!G48,"Not Started") | F48: =IFERROR('[Compute.xlsx]CM-6'!B21,"") | L48: Not Started
A49: 47 | B49: CM-7 | C49: CM | D49: Compute | E49: =IFERROR(TRACKER!G49,"Not Started") | F49: =IFERROR('[Compute.xlsx]CM-7'!B21,"") | L49: Not Started
A50: 48 | B50: CM-7(1) | C50: CM | D50: Compute | E50: =IFERROR(TRACKER!G50,"Not Started") | F50: =IFERROR('[Compute.xlsx]CM-7-1'!B21,"") | L50: Not Started
A51: 49 | B51: CM-7(5) | C51: CM | D51: Compute | E51: =IFERROR(TRACKER!G51,"Not Started") | F51: =IFERROR('[Compute.xlsx]CM-7-5'!B21,"") | L51: Not Started
A52: 50 | B52: CM-11 | C52: CM | D52: Compute | E52: =IFERROR(TRACKER!G52,"Not Started") | F52: =IFERROR('[Compute.xlsx]CM-11'!B21,"") | L52: Not Started
A53: 51 | B53: CP-6 | C53: CP | D53: Compute | E53: =IFERROR(TRACKER!G53,"Not Started") | F53: =IFERROR('[Compute.xlsx]CP-6'!B21,"") | L53: Not Started
A54: 52 | B54: CP-6(2) | C54: CP | D54: Compute | E54: =IFERROR(TRACKER!G54,"Not Started") | F54: =IFERROR('[Compute.xlsx]CP-6-2'!B21,"") | L54: Not Started
A55: 53 | B55: CP-7 | C55: CP | D55: Compute | E55: =IFERROR(TRACKER!G55,"Not Started") | F55: =IFERROR('[Compute.xlsx]CP-7'!B21,"") | L55: Not Started
A56: 54 | B56: CP-7(4) | C56: CP | D56: Compute | E56: =IFERROR(TRACKER!G56,"Not Started") | F56: =IFERROR('[Compute.xlsx]CP-7-4'!B21,"") | L56: Not Started
A57: 55 | B57: CP-9 | C57: CP | D57: Compute | E57: =IFERROR(TRACKER!G57,"Not Started") | F57: =IFERROR('[Compute.xlsx]CP-9'!B21,"") | L57: Not Started
A58: 56 | B58: CP-9(1) | C58: CP | D58: Compute | E58: =IFERROR(TRACKER!G58,"Not Started") | F58: =IFERROR('[Compute.xlsx]CP-9-1'!B21,"") | L58: Not Started
A59: 57 | B59: CP-9(2) | C59: CP | D59: Compute | E59: =IFERROR(TRACKER!G59,"Not Started") | F59: =IFERROR('[Compute.xlsx]CP-9-2'!B21,"") | L59: Not Started
A60: 58 | B60: CP-9(5) | C60: CP | D60: Compute | E60: =IFERROR(TRACKER!G60,"Not Started") | F60: =IFERROR('[Compute.xlsx]CP-9-5'!B21,"") | L60: Not Started
A61: 59 | B61: CP-10 | C61: CP | D61: Compute | E61: =IFERROR(TRACKER!G61,"Not Started") | F61: =IFERROR('[Compute.xlsx]CP-10'!B21,"") | L61: Not Started
A62: 60 | B62: CP-10(4) | C62: CP | D62: Compute | E62: =IFERROR(TRACKER!G62,"Not Started") | F62: =IFERROR('[Compute.xlsx]CP-10-4'!B21,"") | L62: Not Started
A63: 61 | B63: IA-5(6) | C63: IA | D63: Compute | E63: =IFERROR(TRACKER!G63,"Not Started") | F63: =IFERROR('[Compute.xlsx]IA-5-6'!B21,"") | L63: Not Started
A64: 62 | B64: IA-5(7) | C64: IA | D64: Compute | E64: =IFERROR(TRACKER!G64,"Not Started") | F64: =IFERROR('[Compute.xlsx]IA-5-7'!B21,"") | L64: Not Started
A65: 63 | B65: SA-9(5) | C65: SA | D65: Compute | E65: =IFERROR(TRACKER!G65,"Not Started") | F65: =IFERROR('[Compute.xlsx]SA-9-5'!B21,"") | L65: Not Started
A66: 64 | B66: SA-10(1) | C66: SA | D66: Compute | E66: =IFERROR(TRACKER!G66,"Not Started") | F66: =IFERROR('[Compute.xlsx]SA-10-1'!B21,"") | L66: Not Started
A67: 65 | B67: SC-2 | C67: SC | D67: Compute | E67: =IFERROR(TRACKER!G67,"Not Started") | F67: =IFERROR('[Compute.xlsx]SC-2'!B21,"") | L67: Not Started
A68: 66 | B68: SC-6 | C68: SC | D68: Compute | E68: =IFERROR(TRACKER!G68,"Not Started") | F68: =IFERROR('[Compute.xlsx]SC-6'!B21,"") | L68: Not Started
A69: 67 | B69: SC-7(7) | C69: SC | D69: Compute | E69: =IFERROR(TRACKER!G69,"Not Started") | F69: =IFERROR('[Compute.xlsx]SC-7-7'!B21,"") | L69: Not Started
A70: 68 | B70: SC-7(12) | C70: SC | D70: Compute | E70: =IFERROR(TRACKER!G70,"Not Started") | F70: =IFERROR('[Compute.xlsx]SC-7-12'!B21,"") | L70: Not Started
A71: 69 | B71: SC-8 | C71: SC | D71: Compute | E71: =IFERROR(TRACKER!G71,"Not Started") | F71: =IFERROR('[Compute.xlsx]SC-8'!B21,"") | L71: Not Started
A72: 70 | B72: SC-8(1) | C72: SC | D72: Compute | E72: =IFERROR(TRACKER!G72,"Not Started") | F72: =IFERROR('[Compute.xlsx]SC-8-1'!B21,"") | L72: Not Started
A73: 71 | B73: SC-10 | C73: SC | D73: Compute | E73: =IFERROR(TRACKER!G73,"Not Started") | F73: =IFERROR('[Compute.xlsx]SC-10'!B21,"") | L73: Not Started
A74: 72 | B74: SC-13 | C74: SC | D74: Compute | E74: =IFERROR(TRACKER!G74,"Not Started") | F74: =IFERROR('[Compute.xlsx]SC-13'!B21,"") | L74: Not Started
A75: 73 | B75: SC-18 | C75: SC | D75: Compute | E75: =IFERROR(TRACKER!G75,"Not Started") | F75: =IFERROR('[Compute.xlsx]SC-18'!B21,"") | L75: Not Started
A76: 74 | B76: SC-18(3) | C76: SC | D76: Compute | E76: =IFERROR(TRACKER!G76,"Not Started") | F76: =IFERROR('[Compute.xlsx]SC-18-3'!B21,"") | L76: Not Started
A77: 75 | B77: SC-18(4) | C77: SC | D77: Compute | E77: =IFERROR(TRACKER!G77,"Not Started") | F77: =IFERROR('[Compute.xlsx]SC-18-4'!B21,"") | L77: Not Started
A78: 76 | B78: SC-23 | C78: SC | D78: Compute | E78: =IFERROR(TRACKER!G78,"Not Started") | F78: =IFERROR('[Compute.xlsx]SC-23'!B21,"") | L78: Not Started
A79: 77 | B79: SC-23(1) | C79: SC | D79: Compute | E79: =IFERROR(TRACKER!G79,"Not Started") | F79: =IFERROR('[Compute.xlsx]SC-23-1'!B21,"") | L79: Not Started
A80: 78 | B80: SC-28 | C80: SC | D80: Compute | E80: =IFERROR(TRACKER!G80,"Not Started") | F80: =IFERROR('[Compute.xlsx]SC-28'!B21,"") | L80: Not Started
A81: 79 | B81: SC-28(1) | C81: SC | D81: Compute | E81: =IFERROR(TRACKER!G81,"Not Started") | F81: =IFERROR('[Compute.xlsx]SC-28-1'!B21,"") | L81: Not Started
A82: 80 | B82: SC-39 | C82: SC | D82: Compute | E82: =IFERROR(TRACKER!G82,"Not Started") | F82: =IFERROR('[Compute.xlsx]SC-39'!B21,"") | L82: Not Started
A83: 81 | B83: SI-4(2) | C83: SI | D83: Compute | E83: =IFERROR(TRACKER!G83,"Not Started") | F83: =IFERROR('[Compute.xlsx]SI-4-2'!B21,"") | L83: Not Started
A84: 82 | B84: SI-4(4) | C84: SI | D84: Compute | E84: =IFERROR(TRACKER!G84,"Not Started") | F84: =IFERROR('[Compute.xlsx]SI-4-4'!B21,"") | L84: Not Started
A85: 83 | B85: SI-4(23) | C85: SI | D85: Compute | E85: =IFERROR(TRACKER!G85,"Not Started") | F85: =IFERROR('[Compute.xlsx]SI-4-23'!B21,"") | L85: Not Started
A86: 84 | B86: SI-6 | C86: SI | D86: Compute | E86: =IFERROR(TRACKER!G86,"Not Started") | F86: =IFERROR('[Compute.xlsx]SI-6'!B21,"") | L86: Not Started
A87: 85 | B87: SI-7 | C87: SI | D87: Compute | E87: =IFERROR(TRACKER!G87,"Not Started") | F87: =IFERROR('[Compute.xlsx]SI-7'!B21,"") | L87: Not Started
A88: 86 | B88: SI-7(1) | C88: SI | D88: Compute | E88: =IFERROR(TRACKER!G88,"Not Started") | F88: =IFERROR('[Compute.xlsx]SI-7-1'!B21,"") | L88: Not Started
A89: 87 | B89: SI-11 | C89: SI | D89: Compute | E89: =IFERROR(TRACKER!G89,"Not Started") | F89: =IFERROR('[Compute.xlsx]SI-11'!B21,"") | L89: Not Started
A90: 88 | B90: SI-16 | C90: SI | D90: Compute | E90: =IFERROR(TRACKER!G90,"Not Started") | F90: =IFERROR('[Compute.xlsx]SI-16'!B21,"") | L90: Not Started
A91: 89 | B91: AC-6 | C91: AC | D91: Containers | E91: =IFERROR(TRACKER!G91,"Not Started") | F91: =IFERROR('[Containers.xlsx]AC-6'!B21,"") | L91: Not Started
A92: 90 | B92: AC-6(1) | C92: AC | D92: Containers | E92: =IFERROR(TRACKER!G92,"Not Started") | F92: =IFERROR('[Containers.xlsx]AC-6-1'!B21,"") | L92: Not Started
A93: 91 | B93: AC-17(3) | C93: AC | D93: Containers | E93: =IFERROR(TRACKER!G93,"Not Started") | F93: =IFERROR('[Containers.xlsx]AC-17-3'!B21,"") | L93: Not Started
A94: 92 | B94: AU-2 | C94: AU | D94: Containers | E94: =IFERROR(TRACKER!G94,"Not Started") | F94: =IFERROR('[Containers.xlsx]AU-2'!B21,"") | L94: Not Started
A95: 93 | B95: AU-3 | C95: AU | D95: Containers | E95: =IFERROR(TRACKER!G95,"Not Started") | F95: =IFERROR('[Containers.xlsx]AU-3'!B21,"") | L95: Not Started
A96: 94 | B96: AU-3(1) | C96: AU | D96: Containers | E96: =IFERROR(TRACKER!G96,"Not Started") | F96: =IFERROR('[Containers.xlsx]AU-3-1'!B21,"") | L96: Not Started
A97: 95 | B97: AU-9(2) | C97: AU | D97: Containers | E97: =IFERROR(TRACKER!G97,"Not Started") | F97: =IFERROR('[Containers.xlsx]AU-9-2'!B21,"") | L97: Not Started
A98: 96 | B98: AU-12 | C98: AU | D98: Containers | E98: =IFERROR(TRACKER!G98,"Not Started") | F98: =IFERROR('[Containers.xlsx]AU-12'!B21,"") | L98: Not Started
A99: 97 | B99: CA-3(5) | C99: CA | D99: Containers | E99: =IFERROR(TRACKER!G99,"Not Started") | F99: =IFERROR('[Containers.xlsx]CA-3-5'!B21,"") | L99: Not Started
A100: 98 | B100: CA-9 | C100: CA | D100: Containers | E100: =IFERROR(TRACKER!G100,"Not Started") | F100: =IFERROR('[Containers.xlsx]CA-9'!B21,"") | L100: Not Started
...

Sheet REMEDIATION SUMMARY
A1: Remediation Progress — Summary (LIVE from Remediation Plan)
A2: By Priority
A3: Priority | B3: Total | C3: Closed | D3: Open
A4: Critical | B4: =COUNTIF('REMEDIATION PLAN'!$I$3:$I$1275,A4) | C4: =COUNTIFS('REMEDIATION PLAN'!$I$3:$I$1275,A4,'REMEDIATION PLAN'!$L$3:$L$1275,"Completed") | D4: =B4-C4
A5: High | B5: =COUNTIF('REMEDIATION PLAN'!$I$3:$I$1275,A5) | C5: =COUNTIFS('REMEDIATION PLAN'!$I$3:$I$1275,A5,'REMEDIATION PLAN'!$L$3:$L$1275,"Completed") | D5: =B5-C5
A6: Medium | B6: =COUNTIF('REMEDIATION PLAN'!$I$3:$I$1275,A6) | C6: =COUNTIFS('REMEDIATION PLAN'!$I$3:$I$1275,A6,'REMEDIATION PLAN'!$L$3:$L$1275,"Completed") | D6: =B6-C6
A7: Low | B7: =COUNTIF('REMEDIATION PLAN'!$I$3:$I$1275,A7) | C7: =COUNTIFS('REMEDIATION PLAN'!$I$3:$I$1275,A7,'REMEDIATION PLAN'!$L$3:$L$1275,"Completed") | D7: =B7-C7
A8: TOTAL | B8: =SUM(B4:B7) | C8: =SUM(C4:C7) | D8: =SUM(D4:D7)
A10: By Closure Status
A11: Status | B11: Count | C11: % of Total
A12: Not Started | B12: =COUNTIF('REMEDIATION PLAN'!$L$3:$L$1275,A12) | C12: =IFERROR(B12/1273,0)
A13: In Progress | B13: =COUNTIF('REMEDIATION PLAN'!$L$3:$L$1275,A13) | C13: =IFERROR(B13/1273,0)
A14: Completed | B14: =COUNTIF('REMEDIATION PLAN'!$L$3:$L$1275,A14) | C14: =IFERROR(B14/1273,0)
A15: Deferred | B15: =COUNTIF('REMEDIATION PLAN'!$L$3:$L$1275,A15) | C15: =IFERROR(B15/1273,0)
A16: Waived | B16: =COUNTIF('REMEDIATION PLAN'!$L$3:$L$1275,A16) | C16: =IFERROR(B16/1273,0)
A18: % Remediated (Completed) | B18: =IFERROR(COUNTIF('REMEDIATION PLAN'!$L$3:$L$1275,"Completed")/1273,0)
A20: Open Items by Technology
A21: Technology | B21: Critical | C21: High | D21: Med + Low
A22: Analytics | B22: =COUNTIFS('REMEDIATION PLAN'!$D$3:$D$1275,A22,'REMEDIATION PLAN'!$I$3:$I$1275,"Critical",'REMEDIATION PLAN'!$L$3:$L$1275,"<>Completed") | C22: =COUNTIFS('REMEDIATION PLAN'!$D$3:$D$1275,A22,'REMEDIATION PLAN'!$I$3:$I$1275,"High",'REMEDIATION PLAN'!$L$3:$L$1275,"<>Completed") | D22: =COUNTIFS('REMEDIATION PLAN'!$D$3:$D$1275,A22,'REMEDIATION PLAN'!$I$3:$I$1275,"Medium",'REMEDIATION PLAN'!$L$3:$L$1275,"<>Completed")+COUNTIFS('REMEDIATION PLAN'!$D$3:$D$1275,A22,'REMEDIATION PLAN'!$I$3:$I$1275,"Low",'REMEDIATION PLAN'!$L$3:$L$1275,"<>Completed")
A23: Compute | B23: =COUNTIFS('REMEDIATION PLAN'!$D$3:$D$1275,A23,'REMEDIATION PLAN'!$I$3:$I$1275,"Critical",'REMEDIATION PLAN'!$L$3:$L$1275,"<>Completed") | C23: =COUNTIFS('REMEDIATION PLAN'!$D$3:$D$1275,A23,'REMEDIATION PLAN'!$I$3:$I$1275,"High",'REMEDIATION PLAN'!$L$3:$L$1275,"<>Completed") | D23: =COUNTIFS('REMEDIATION PLAN'!$D$3:$D$1275,A23,'REMEDIATION PLAN'!$I$3:$I$1275,"Medium",'REMEDIATION PLAN'!$L$3:$L$1275,"<>Completed")+COUNTIFS('REMEDIATION PLAN'!$D$3:$D$1275,A23,'REMEDIATION PLAN'!$I$3:$I$1275,"Low",'REMEDIATION PLAN'!$L$3:$L$1275,"<>Completed")
A24: Containers | B24: =COUNTIFS('REMEDIATION PLAN'!$D$3:$D$1275,A24,'REMEDIATION PLAN'!$I$3:$I$1275,"Critical",'REMEDIATION PLAN'!$L$3:$L$1275,"<>Completed") | C24: =COUNTIFS('REMEDIATION PLAN'!$D$3:$D$1275,A24,'REMEDIATION PLAN'!$I$3:$I$1275,"High",'REMEDIATION PLAN'!$L$3:$L$1275,"<>Completed") | D24: =COUNTIFS('REMEDIATION PLAN'!$D$3:$D$1275,A24,'REMEDIATION PLAN'!$I$3:$I$1275,"Medium",'REMEDIATION PLAN'!$L$3:$L$1275,"<>Completed")+COUNTIFS('REMEDIATION PLAN'!$D$3:$D$1275,A24,'REMEDIATION PLAN'!$I$3:$I$1275,"Low",'REMEDIATION PLAN'!$L$3:$L$1275,"<>Completed")
A25: Database | B25: =COUNTIFS('REMEDIATION PLAN'!$D$3:$D$1275,A25,'REMEDIATION PLAN'!$I$3:$I$1275,"Critical",'REMEDIATION PLAN'!$L$3:$L$1275,"<>Completed") | C25: =COUNTIFS('REMEDIATION PLAN'!$D$3:$D$1275,A25,'REMEDIATION PLAN'!$I$3:$I$1275,"High",'REMEDIATION PLAN'!$L$3:$L$1275,"<>Completed") | D25: =COUNTIFS('REMEDIATION PLAN'!$D$3:$D$1275,A25,'REMEDIATION PLAN'!$I$3:$I$1275,"Medium",'REMEDIATION PLAN'!$L$3:$L$1275,"<>Completed")+COUNTIFS('REMEDIATION PLAN'!$D$3:$D$1275,A25,'REMEDIATION PLAN'!$I$3:$I$1275,"Low",'REMEDIATION PLAN'!$L$3:$L$1275,"<>Completed")
A26: DevOps | B26: =COUNTIFS('REMEDIATION PLAN'!$D$3:$D$1275,A26,'REMEDIATION PLAN'!$I$3:$I$1275,"Critical",'REMEDIATION PLAN'!$L$3:$L$1275,"<>Completed") | C26: =COUNTIFS('REMEDIATION PLAN'!$D$3:$D$1275,A26,'REMEDIATION PLAN'!$I$3:$I$1275,"High",'REMEDIATION PLAN'!$L$3:$L$1275,"<>Completed") | D26: =COUNTIFS('REMEDIATION PLAN'!$D$3:$D$1275,A26,'REMEDIATION PLAN'!$I$3:$I$1275,"Medium",'REMEDIATION PLAN'!$L$3:$L$1275,"<>Completed")+COUNTIFS('REMEDIATION PLAN'!$D$3:$D$1275,A26,'REMEDIATION PLAN'!$I$3:$I$1275,"Low",'REMEDIATION PLAN'!$L$3:$L$1275,"<>Completed")
A27: Developer Tools | B27: =COUNTIFS('REMEDIATION PLAN'!$D$3:$D$1275,A27,'REMEDIATION PLAN'!$I$3:$I$1275,"Critical",'REMEDIATION PLAN'!$L$3:$L$1275,"<>Completed") | C27: =COUNTIFS('REMEDIATION PLAN'!$D$3:$D$1275,A27,'REMEDIATION PLAN'!$I$3:$I$1275,"High",'REMEDIATION PLAN'!$L$3:$L$1275,"<>Completed") | D27: =COUNTIFS('REMEDIATION PLAN'!$D$3:$D$1275,A27,'REMEDIATION PLAN'!$I$3:$I$1275,"Medium",'REMEDIATION PLAN'!$L$3:$L$1275,"<>Completed")+COUNTIFS('REMEDIATION PLAN'!$D$3:$D$1275,A27,'REMEDIATION PLAN'!$I$3:$I$1275,"Low",'REMEDIATION PLAN'!$L$3:$L$1275,"<>Completed")
A28: Documentation | B28: =COUNTIFS('REMEDIATION PLAN'!$D$3:$D$1275,A28,'REMEDIATION PLAN'!$I$3:$I$1275,"Critical",'REMEDIATION PLAN'!$L$3:$L$1275,"<>Completed") | C28: =COUNTIFS('REMEDIATION PLAN'!$D$3:$D$1275,A28,'REMEDIATION PLAN'!$I$3:$I$1275,"High",'REMEDIATION PLAN'!$L$3:$L$1275,"<>Completed") | D28: =COUNTIFS('REMEDIATION PLAN'!$D$3:$D$1275,A28,'REMEDIATION PLAN'!$I$3:$I$1275,"Medium",'REMEDIATION PLAN'!$L$3:$L$1275,"<>Completed")+COUNTIFS('REMEDIATION PLAN'!$D$3:$D$1275,A28,'REMEDIATION PLAN'!$I$3:$I$1275,"Low",'REMEDIATION PLAN'!$L$3:$L$1275,"<>Completed")
A29: Hybrid + Multicloud | B29: =COUNTIFS('REMEDIATION PLAN'!$D$3:$D$1275,A29,'REMEDIATION PLAN'!$I$3:$I$1275,"Critical",'REMEDIATION PLAN'!$L$3:$L$1275,"<>Completed") | C29: =COUNTIFS('REMEDIATION PLAN'!$D$3:$D$1275,A29,'REMEDIATION PLAN'!$I$3:$I$1275,"High",'REMEDIATION PLAN'!$L$3:$L$1275,"<>Completed") | D29: =COUNTIFS('REMEDIATION PLAN'!$D$3:$D$1275,A29,'REMEDIATION PLAN'!$I$3:$I$1275,"Medium",'REMEDIATION PLAN'!$L$3:$L$1275,"<>Completed")+COUNTIFS('REMEDIATION PLAN'!$D$3:$D$1275,A29,'REMEDIATION PLAN'!$I$3:$I$1275,"Low",'REMEDIATION PLAN'!$L$3:$L$1275,"<>Completed")
A30: Identity | B30: =COUNTIFS('REMEDIATION PLAN'!$D$3:$D$1275,A30,'REMEDIATION PLAN'!$I$3:$I$1275,"Critical",'REMEDIATION PLAN'!$L$3:$L$1275,"<>Completed") | C30: =COUNTIFS('REMEDIATION PLAN'!$D$3:$D$1275,A30,'REMEDIATION PLAN'!$I$3:$I$1275,"High",'REMEDIATION PLAN'!$L$3:$L$1275,"<>Completed") | D30: =COUNTIFS('REMEDIATION PLAN'!$D$3:$D$1275,A30,'REMEDIATION PLAN'!$I$3:$I$1275,"Medium",'REMEDIATION PLAN'!$L$3:$L$1275,"<>Completed")+COUNTIFS('REMEDIATION PLAN'!$D$3:$D$1275,A30,'REMEDIATION PLAN'!$I$3:$I$1275,"Low",'REMEDIATION PLAN'!$L$3:$L$1275,"<>Completed")
A31: Management and Governance | B31: =COUNTIFS('REMEDIATION PLAN'!$D$3:$D$1275,A31,'REMEDIATION PLAN'!$I$3:$I$1275,"Critical",'REMEDIATION PLAN'!$L$3:$L$1275,"<>Completed") | C31: =COUNTIFS('REMEDIATION PLAN'!$D$3:$D$1275,A31,'REMEDIATION PLAN'!$I$3:$I$1275,"High",'REMEDIATION PLAN'!$L$3:$L$1275,"<>Completed") | D31: =COUNTIFS('REMEDIATION PLAN'!$D$3:$D$1275,A31,'REMEDIATION PLAN'!$I$3:$I$1275,"Medium",'REMEDIATION PLAN'!$L$3:$L$1275,"<>Completed")+COUNTIFS('REMEDIATION PLAN'!$D$3:$D$1275,A31,'REMEDIATION PLAN'!$I$3:$I$1275,"Low",'REMEDIATION PLAN'!$L$3:$L$1275,"<>Completed")
A32: Microsoft-Descoped | B32: =COUNTIFS('REMEDIATION PLAN'!$D$3:$D$1275,A32,'REMEDIATION PLAN'!$I$3:$I$1275,"Critical",'REMEDIATION PLAN'!$L$3:$L$1275,"<>Completed") | C32: =COUNTIFS('REMEDIATION PLAN'!$D$3:$D$1275,A32,'REMEDIATION PLAN'!$I$3:$I$1275,"High",'REMEDIATION PLAN'!$L$3:$L$1275,"<>Completed") | D32: =COUNTIFS('REMEDIATION PLAN'!$D$3:$D$1275,A32,'REMEDIATION PLAN'!$I$3:$I$1275,"Medium",'REMEDIATION PLAN'!$L$3:$L$1275,"<>Completed")+COUNTIFS('REMEDIATION PLAN'!$D$3:$D$1275,A32,'REMEDIATION PLAN'!$I$3:$I$1275,"Low",'REMEDIATION PLAN'!$L$3:$L$1275,"<>Completed")
A33: Networking | B33: =COUNTIFS('REMEDIATION PLAN'!$D$3:$D$1275,A33,'REMEDIATION PLAN'!$I$3:$I$1275,"Critical",'REMEDIATION PLAN'!$L$3:$L$1275,"<>Completed") | C33: =COUNTIFS('REMEDIATION PLAN'!$D$3:$D$1275,A33,'REMEDIATION PLAN'!$I$3:$I$1275,"High",'REMEDIATION PLAN'!$L$3:$L$1275,"<>Completed") | D33: =COUNTIFS('REMEDIATION PLAN'!$D$3:$D$1275,A33,'REMEDIATION PLAN'!$I$3:$I$1275,"Medium",'REMEDIATION PLAN'!$L$3:$L$1275,"<>Completed")+COUNTIFS('REMEDIATION PLAN'!$D$3:$D$1275,A33,'REMEDIATION PLAN'!$I$3:$I$1275,"Low",'REMEDIATION PLAN'!$L$3:$L$1275,"<>Completed")
... A42: Web | B42: =COUNTIFS('REMEDIATION PLAN'!$D$3:$D$1275,A42,'REMEDIATION PLAN'!$I$3:$I$1275,"Critical",'REMEDIATION PLAN'!$L$3:$L$1275,"<>Completed") | C42: =COUNTIFS('REMEDIATION PLAN'!$D$3:$D$1275,A42,'REMEDIATION PLAN'!$I$3:$I$1275,"High",'REMEDIATION PLAN'!$L$3:$L$1275,"<>Completed") | D42: =COUNTIFS('REMEDIATION PLAN'!$D$3:$D$1275,A42,'REMEDIATION PLAN'!$I$3:$I$1275,"Medium",'REMEDIATION PLAN'!$L$3:$L$1275,"<>Completed")+COUNTIFS('REMEDIATION PLAN'!$D$3:$D$1275,A42,'REMEDIATION PLAN'!$I$3:$I$1275,"Low",'REMEDIATION PLAN'!$L$3:$L$1275,"<>Completed")
